,matchid,team,opponent,result,sets won,sets lost,set1,set2,set3,set4,set5,attacks,blocks,serves,digs,receives,sets
1,11700,France,Bulgaria,W,3,0,27,25,25,,,39,7,4,13,54,74
2,11700,Bulgaria,France,L,0,3,25,21,23,,,36,5,4,11,56,78
3,11701,Germany,Australia,W,3,0,25,25,25,,,42,5,5,34,40,71
4,11701,Australia,Germany,L,0,3,19,18,16,,,28,3,0,26,53,60
5,11702,Japan,Iran,W,3,0,25,25,26,,,45,7,2,11,50,94
6,11702,Iran,Japan,L,0,3,19,22,24,,,41,8,1,6,68,85
7,11703,Serbia,Slovenia,W,3,1,22,25,36,25,,66,14,3,46,79,119
8,11703,Slovenia,Serbia,L,1,3,25,18,34,18,,53,9,4,59,88,110
9,11704,Netherlands,Russia,L,1,3,19,22,25,20,,49,6,6,47,74,88
10,11704,Russia,Netherlands,W,3,1,25,25,18,25,,51,10,10,49,69,88
11,11705,USA,Canada,W,3,0,25,26,25,,,43,5,4,51,54,91
12,11705,Canada,USA,L,0,3,17,24,20,,,30,6,3,48,58,81
13,11706,Poland,Italy,W,3,0,25,25,25,,,39,8,9,44,44,30
14,11706,Italy,Poland,L,0,3,19,20,18,,,33,6,0,47,60,24
15,11707,Brazil,Argentina,W,3,0,31,26,25,,,44,6,7,42,55,85
16,11707,Argentina,Brazil,L,0,3,29,24,16,,,38,13,3,31,72,76
17,11708,Germany,France,L,2,3,25,22,25,16,15,62,12,5,49,91,47
18,11708,France,Germany,W,3,2,22,25,22,25,17,63,11,5,58,81,43
19,11709,Iran,Russia,L,1,3,17,25,20,17,,49,3,3,49,75,30
20,11709,Russia,Iran,W,3,1,25,20,25,25,,57,10,4,55,62,39
21,11710,Netherlands,Japan,L,2,3,25,25,22,17,8,60,6,4,38,87,114
22,11710,Japan,Netherlands,W,3,2,22,23,25,25,15,66,6,2,31,77,108
23,11711,Australia,Bulgaria,L,0,3,21,20,20,,,26,3,1,46,55,67
24,11711,Bulgaria,Australia,W,3,0,25,25,25,,,34,5,13,32,51,73
25,11712,Poland,Serbia,W,3,1,26,25,21,25,,46,13,17,38,69,92
26,11712,Serbia,Poland,L,1,3,24,19,25,15,,45,3,6,48,76,89
27,11713,Italy,Slovenia,L,0,3,23,19,15,,,32,3,5,9,60,81
28,11713,Slovenia,Italy,W,3,0,25,25,25,,,40,4,8,5,45,74
29,11714,Argentina,Canada,L,0,3,17,21,17,,,27,5,2,32,60,70
30,11714,Canada,Argentina,W,3,0,25,25,25,,,33,7,4,32,40,56
31,11715,USA,Brazil,L,0,3,22,23,19,,,36,9,4,3,62,82
32,11715,Brazil,USA,W,3,0,25,25,25,,,40,7,6,6,51,74
33,11716,Australia,France,L,1,3,26,25,14,23,,47,8,3,57,79,107
34,11716,France,Australia,W,3,1,28,20,25,25,,49,10,7,62,68,100
35,11717,Netherlands,Iran,L,0,3,18,23,28,,,35,3,5,43,58,84
36,11717,Iran,Netherlands,W,3,0,25,25,30,,,44,9,7,44,58,72
37,11718,Germany,Bulgaria,W,3,2,19,25,22,30,15,53,12,9,68,87,119
38,11718,Bulgaria,Germany,L,2,3,25,21,25,28,11,55,14,10,57,88,121
39,11719,Russia,Japan,L,2,3,26,28,25,21,14,65,18,7,60,93,123
40,11719,Japan,Russia,W,3,2,28,26,20,25,16,75,7,3,92,97,137
41,11720,USA,Argentina,W,3,1,23,25,25,25,,54,12,6,47,66,100
42,11720,Argentina,USA,L,1,3,25,21,15,19,,36,9,1,42,72,97
43,11721,Canada,Brazil,L,1,3,17,20,25,25,,52,12,2,60,86,106
44,11721,Brazil,Canada,W,3,1,25,25,22,27,,60,6,6,63,71,116
45,11722,Poland,Slovenia,L,1,3,22,25,19,23,,51,8,3,44,81,117
46,11722,Slovenia,Poland,W,3,1,25,23,25,25,,61,8,5,47,79,131
47,11723,Serbia,Italy,W,3,1,25,22,25,25,,61,11,4,60,73,122
48,11723,Italy,Serbia,L,1,3,23,25,22,18,,48,7,1,71,74,120
49,11724,Germany,Argentina,L,2,3,19,25,25,23,13,56,9,4,54,79,112
50,11724,Argentina,Germany,W,3,2,25,23,17,25,15,70,8,2,68,87,132
51,11725,Iran,Canada,W,3,1,22,25,25,25,,55,14,6,49,76,98
52,11725,Canada,Iran,L,1,3,25,22,22,22,,51,7,3,53,76,102
53,11726,Japan,Serbia,L,1,3,25,23,22,13,,54,7,2,55,77,112
54,11726,Serbia,Japan,W,3,1,18,25,25,25,,58,17,1,36,73,101
55,11727,Brazil,France,L,0,3,37,18,28,,,49,5,4,57,75,99
56,11727,France,Brazil,W,3,0,39,25,30,,,54,6,3,64,69,103
57,11728,Netherlands,Slovenia,L,0,3,18,15,18,,,28,4,3,26,63,77
58,11728,Slovenia,Netherlands,W,3,0,25,25,25,,,39,7,6,41,39,71
59,11729,Australia,Poland,L,0,3,16,10,12,,,20,1,1,17,62,68
60,11729,Poland,Australia,W,3,0,25,25,25,,,31,13,11,26,29,52
61,11730,Italy,Bulgaria,W,3,2,25,20,25,23,15,69,10,7,71,82,118
62,11730,Bulgaria,Italy,L,2,3,19,25,13,25,12,60,9,2,56,91,119
63,11731,Russia,USA,W,3,1,25,25,17,25,,56,6,2,54,69,102
64,11731,USA,Russia,L,1,3,22,19,25,19,,52,5,3,62,74,98
65,11732,Argentina,Slovenia,L,0,3,19,22,18,,,32,7,0,57,58,87
66,11732,Slovenia,Argentina,W,3,0,25,25,25,,,41,5,4,51,49,87
67,11733,Netherlands,Germany,W,3,2,25,23,25,23,15,66,7,9,62,83,126
68,11733,Germany,Netherlands,L,2,3,18,25,20,25,13,55,6,5,57,88,110
69,11734,Brazil,Japan,W,3,0,25,25,25,,,48,3,7,52,47,81
70,11734,Japan,Brazil,L,0,3,20,16,20,,,31,6,2,38,64,72
71,11735,Serbia,France,W,3,2,22,24,25,25,15,62,11,3,43,85,106
72,11735,France,Serbia,L,2,3,25,26,22,23,9,58,5,9,61,88,118
73,11736,Iran,Italy,W,3,1,26,29,21,25,,50,10,7,60,79,126
74,11736,Italy,Iran,L,1,3,24,27,25,22,,64,3,8,71,87,132
75,11737,Poland,USA,W,3,0,25,28,25,,,40,10,2,51,43,75
76,11737,USA,Poland,L,0,3,17,26,17,,,32,8,2,53,65,85
77,11738,Russia,Australia,W,3,0,25,26,25,,,46,7,4,27,57,87
78,11738,Australia,Russia,L,0,3,19,24,21,,,29,4,2,30,57,81
79,11739,Canada,Bulgaria,W,3,0,28,25,25,,,41,10,7,41,51,74
80,11739,Bulgaria,Canada,L,0,3,26,23,16,,,39,4,4,44,66,83
81,11740,Netherlands,Argentina,L,0,3,19,20,23,,,35,7,6,34,65,93
82,11740,Argentina,Netherlands,W,3,0,25,25,25,,,43,10,2,37,52,81
83,11741,Slovenia,Germany,L,1,3,25,20,21,20,,47,5,5,72,71,114
84,11741,Germany,Slovenia,W,3,1,19,25,25,25,,48,8,7,79,67,115
85,11742,France,Japan,W,3,2,21,25,24,25,15,65,9,6,44,87,115
86,11742,Japan,France,L,2,3,25,22,26,21,11,63,7,5,46,90,125
87,11743,Brazil,Serbia,W,3,1,23,25,25,25,,58,14,3,44,74,95
88,11743,Serbia,Brazil,L,1,3,25,23,15,22,,49,6,4,56,78,109
89,11744,Russia,Poland,L,1,3,25,19,19,14,,45,4,6,47,78,94
90,11744,Poland,Russia,W,3,1,21,25,25,25,,42,12,12,47,58,82
91,11745,USA,Australia,W,3,0,25,25,25,,,38,9,6,45,53,76
92,11745,Australia,USA,L,0,3,23,20,17,,,36,2,1,47,59,84
93,11746,Bulgaria,Iran,L,0,3,20,31,22,,,40,5,4,43,68,93
94,11746,Iran,Bulgaria,W,3,0,25,33,25,,,41,9,5,44,55,77
95,11747,Canada,Italy,L,2,3,19,21,25,28,11,61,8,8,73,95,141
96,11747,Italy,Canada,W,3,2,25,25,21,26,15,50,18,5,66,86,110
97,11748,Serbia,Germany,W,3,1,19,25,25,25,,45,9,7,55,60,88
98,11748,Germany,Serbia,L,1,3,25,22,18,15,,41,5,6,56,70,98
99,11749,Japan,Australia,W,3,1,25,21,28,26,,64,8,5,75,79,125
100,11749,Australia,Japan,L,1,3,18,25,26,24,,59,8,1,75,86,124
101,11750,France,Russia,W,3,1,22,25,30,25,,56,9,7,63,68,104
102,11750,Russia,France,L,1,3,25,18,28,19,,54,5,3,43,83,104
103,11751,Slovenia,Canada,W,3,0,25,25,25,,,44,3,5,39,50,73
104,11751,Canada,Slovenia,L,0,3,22,19,22,,,34,5,2,33,59,73
105,11752,Argentina,Italy,L,0,3,28,21,20,,,38,9,1,37,64,101
106,11752,Italy,Argentina,W,3,0,30,25,25,,,38,16,6,45,56,89
107,11753,Iran,USA,W,3,0,25,25,25,,,44,7,5,53,57,92
108,11753,USA,Iran,L,0,3,19,23,23,,,37,6,1,48,63,93
109,11754,Poland,Bulgaria,W,3,0,25,25,25,,,39,8,8,29,34,67
110,11754,Bulgaria,Poland,L,0,3,19,15,12,,,27,2,1,21,59,66
111,11755,Netherlands,Brazil,L,0,3,19,22,25,,,41,7,4,40,71,84
112,11755,Brazil,Netherlands,W,3,0,25,25,27,,,44,9,3,37,53,82
113,11756,Serbia,Iran,W,3,2,21,25,26,25,15,65,12,9,71,82,116
114,11756,Iran,Serbia,L,2,3,25,15,28,22,8,51,8,7,50,91,106
115,11757,Russia,Canada,W,3,1,25,25,23,25,,51,15,6,37,68,99
116,11757,Canada,Russia,L,1,3,18,18,25,23,,44,5,7,53,78,102
117,11758,France,Slovenia,L,2,3,25,25,23,19,9,48,3,6,67,69,100
118,11758,Slovenia,France,W,3,2,17,19,25,25,15,55,11,5,60,79,106
119,11759,Argentina,Australia,W,3,0,25,25,25,,,49,6,5,35,49,82
120,11759,Australia,Argentina,L,0,3,18,19,20,,,32,7,1,32,61,72
121,11760,Germany,USA,L,0,3,12,18,27,,,24,3,4,37,56,74
122,11760,USA,Germany,W,3,0,25,25,29,,,36,11,6,40,40,69
123,11761,Bulgaria,Brazil,L,0,3,16,22,12,,,31,4,1,27,63,67
124,11761,Brazil,Bulgaria,W,3,0,25,25,25,,,38,4,10,29,39,55
125,11762,Japan,Italy,W,3,2,21,25,22,25,15,70,6,6,95,82,145
126,11762,Italy,Japan,L,2,3,25,22,25,15,9,59,12,3,82,94,134
127,11763,Poland,Netherlands,W,3,0,25,25,25,,,35,9,8,41,33,60
128,11763,Netherlands,Poland,L,0,3,14,17,16,,,22,3,2,43,59,75
129,11764,Iran,Germany,L,2,3,25,20,19,25,13,60,7,5,55,81,104
130,11764,Germany,Iran,W,3,2,23,25,25,19,15,47,13,6,54,72,88
131,11765,Slovenia,Russia,W,3,2,19,25,22,25,15,64,9,6,64,86,123
132,11765,Russia,Slovenia,L,2,3,25,23,25,20,8,47,14,7,54,80,110
133,11766,Japan,Argentina,L,1,3,32,16,18,21,,54,6,1,82,90,137
134,11766,Argentina,Japan,W,3,1,30,25,25,25,,61,9,6,80,73,123
135,11767,Netherlands,Bulgaria,L,2,3,18,25,25,22,13,66,5,10,57,84,108
136,11767,Bulgaria,Netherlands,W,3,2,25,18,17,25,15,53,9,7,54,80,100
137,11768,Australia,Italy,L,0,3,20,22,14,,,33,4,1,45,59,85
138,11768,Italy,Australia,W,3,0,25,25,25,,,44,5,3,47,47,77
139,11769,USA,Serbia,L,1,3,23,17,25,25,,55,8,7,37,82,106
140,11769,Serbia,USA,W,3,1,25,25,19,27,,55,11,5,49,70,88
141,11770,Canada,France,L,1,3,25,21,22,17,,52,9,1,62,84,122
142,11770,France,Canada,W,3,1,20,25,25,25,,46,14,4,64,69,110
143,11771,Poland,Brazil,L,0,3,17,26,19,,,37,7,2,36,65,86
144,11771,Brazil,Poland,W,3,0,25,28,25,,,52,5,2,35,49,90
145,11772,Russia,Serbia,W,3,1,25,25,22,25,,50,15,7,53,77,114
146,11772,Serbia,Russia,L,1,3,23,22,25,21,,55,7,3,57,80,108
147,11773,Iran,Australia,L,2,3,23,22,25,25,12,54,13,5,51,89,123
148,11773,Australia,Iran,W,3,2,25,25,23,18,15,55,12,5,54,90,124
149,11774,Argentina,Bulgaria,W,3,1,25,16,25,25,,54,3,6,53,66,94
150,11774,Bulgaria,Argentina,L,1,3,20,25,18,18,,45,7,4,50,71,102
151,11775,Japan,Germany,W,3,0,25,25,25,,,46,5,4,46,44,77
152,11775,Germany,Japan,L,0,3,18,22,20,,,38,5,2,30,64,81
153,11776,Italy,USA,L,0,3,15,18,21,,,29,1,3,44,59,74
154,11776,USA,Italy,W,3,0,25,25,25,,,39,7,9,50,44,76
155,11777,Canada,Poland,L,0,3,22,23,19,,,39,4,5,42,61,81
156,11777,Poland,Canada,W,3,0,25,25,25,,,44,4,4,48,51,77
157,11778,Brazil,Slovenia,W,3,2,15,25,19,25,15,56,7,7,60,80,111
158,11778,Slovenia,Brazil,L,2,3,25,22,25,13,12,58,7,5,65,83,110
159,11779,Netherlands,France,W,3,2,15,22,28,25,19,64,6,7,70,93,132
160,11779,France,Netherlands,L,2,3,25,25,26,23,17,73,12,6,73,93,128
161,11780,Argentina,Russia,L,1,3,19,23,25,19,,48,5,4,64,75,111
162,11780,Russia,Argentina,W,3,1,25,25,21,25,,49,14,5,50,71,101
163,11781,Serbia,Bulgaria,W,3,0,25,25,25,,,42,7,9,34,45,65
164,11781,Bulgaria,Serbia,L,0,3,20,17,17,,,32,7,3,36,66,72
165,11782,Slovenia,Australia,W,3,1,18,25,25,25,,57,6,4,60,66,101
166,11782,Australia,Slovenia,L,1,3,25,18,18,17,,42,10,3,50,76,96
167,11783,Japan,Poland,L,0,3,14,18,19,,,34,0,0,47,60,81
168,11783,Poland,Japan,W,3,0,25,25,25,,,35,6,6,44,33,60
169,11784,Netherlands,Italy,L,1,3,19,23,25,21,,55,7,5,73,84,120
170,11784,Italy,Netherlands,W,3,1,25,25,23,25,,53,12,8,50,73,105
171,11785,Canada,Germany,W,3,0,25,26,25,,,39,6,1,47,49,77
172,11785,Germany,Canada,L,0,3,17,24,21,,,38,3,3,39,62,85
173,11786,USA,France,L,1,3,23,25,29,22,,57,14,3,69,87,129
174,11786,France,USA,W,3,1,25,22,31,25,,57,6,3,80,76,132
175,11787,Iran,Brazil,L,1,3,19,25,19,21,,48,7,5,41,81,110
176,11787,Brazil,Iran,W,3,1,25,23,25,25,,49,12,3,54,61,112
177,11788,Argentina,Serbia,W,3,0,27,25,26,,,45,8,3,36,57,82
178,11788,Serbia,Argentina,L,0,3,25,20,24,,,38,7,2,38,63,81
179,11789,Bulgaria,Russia,L,0,3,17,22,17,,,24,3,5,31,52,70
180,11789,Russia,Bulgaria,W,3,0,25,25,25,,,45,7,6,40,47,69
181,11790,Japan,Canada,L,0,3,22,23,18,,,42,2,1,54,63,90
182,11790,Canada,Japan,W,3,0,25,25,25,,,44,6,7,48,54,81
183,11791,Australia,Brazil,L,0,3,17,22,12,,,35,3,2,50,66,92
184,11791,Brazil,Australia,W,3,0,25,25,25,,,48,6,3,52,44,78
185,11792,Iran,Slovenia,L,1,3,25,20,19,30,,51,12,4,50,75,97
186,11792,Slovenia,Iran,W,3,1,14,25,25,32,,60,6,3,54,82,109
187,11793,Netherlands,USA,L,2,3,25,17,25,15,13,51,3,7,61,87,117
188,11793,USA,Netherlands,W,3,2,21,25,23,25,15,67,8,12,61,79,111
189,11794,France,Italy,L,2,3,19,25,20,25,12,65,8,3,57,92,126
190,11794,Italy,France,W,3,2,25,22,25,21,15,64,11,6,49,84,121
191,11795,Germany,Poland,L,0,3,22,19,20,,,34,2,2,44,57,78
192,11795,Poland,Germany,W,3,0,25,25,25,,,46,7,2,50,51,82
193,11796,Australia,Serbia,L,1,3,16,13,25,15,,34,6,6,45,78,98
194,11796,Serbia,Australia,W,3,1,25,25,19,25,,52,11,6,31,59,87
195,11797,Japan,Bulgaria,W,3,0,25,25,25,,,50,6,3,52,48,84
196,11797,Bulgaria,Japan,L,0,3,23,18,14,,,34,8,2,44,66,79
197,11798,France,Iran,W,3,0,25,25,25,,,41,8,5,38,52,71
198,11798,Iran,France,L,0,3,21,21,19,,,35,8,2,20,60,76
199,11799,Canada,Netherlands,W,3,0,25,25,25,,,42,11,5,44,42,69
200,11799,Netherlands,Canada,L,0,3,16,16,19,,,29,3,0,41,65,83
201,11800,Brazil,Italy,W,3,1,25,32,22,25,,67,5,5,67,80,124
202,11800,Italy,Brazil,L,1,3,19,30,25,20,,61,9,3,69,87,121
203,11801,Slovenia,USA,W,3,2,28,25,21,28,15,69,11,4,66,91,131
204,11801,USA,Slovenia,L,2,3,30,19,25,26,13,61,10,6,67,92,129
205,11802,Poland,Argentina,W,3,0,25,25,25,,,44,3,7,46,46,78
206,11802,Argentina,Poland,L,0,3,21,22,18,,,37,1,1,44,58,73
207,11803,Germany,Russia,L,1,3,18,18,25,15,,42,7,0,51,77,97
208,11803,Russia,Germany,W,3,1,25,25,23,25,,58,9,8,48,61,98
209,11804,Canada,Australia,W,3,0,25,25,25,,,41,10,5,52,34,69
210,11804,Australia,Canada,L,0,3,17,8,20,,,22,1,2,46,58,77
211,11805,Serbia,Netherlands,W,3,2,25,21,25,21,17,64,5,12,49,87,110
212,11805,Netherlands,Serbia,L,2,3,21,25,18,25,15,60,11,6,58,90,106
213,11806,Bulgaria,USA,L,0,3,19,24,9,,,30,2,0,35,63,80
214,11806,USA,Bulgaria,W,3,0,25,26,25,,,41,7,5,49,44,78
215,11807,Iran,Poland,L,0,3,20,20,16,,,27,5,3,41,66,89
216,11807,Poland,Iran,W,3,0,25,25,25,,,31,11,6,38,43,68
217,11808,Japan,Slovenia,L,0,3,16,16,26,,,38,4,2,35,68,90
218,11808,Slovenia,Japan,W,3,0,25,25,28,,,45,10,5,30,52,78
219,11809,France,Argentina,W,3,0,26,25,25,,,41,8,6,46,53,80
220,11809,Argentina,France,L,0,3,24,21,22,,,37,7,0,39,61,77
221,11810,Brazil,Germany,W,3,0,25,25,25,,,43,5,3,40,50,85
222,11810,Germany,Brazil,L,0,3,21,21,23,,,34,5,3,30,57,80
223,11811,Russia,Italy,W,3,2,25,16,25,19,15,56,9,5,44,85,104
224,11811,Italy,Russia,L,2,3,21,25,17,25,12,57,10,8,62,83,113
225,11812,Australia,Netherlands,L,0,3,23,19,19,,,33,6,1,32,57,63
226,11812,Netherlands,Australia,W,3,0,25,25,25,,,42,8,8,29,53,73
227,11813,Canada,Serbia,W,3,2,17,21,25,25,17,47,19,1,76,76,124
228,11813,Serbia,Canada,L,2,3,25,25,17,20,15,62,9,8,74,90,145
229,11814,USA,Japan,W,3,0,25,25,25,,,48,10,2,40,53,73
230,11814,Japan,USA,L,0,3,21,23,20,,,35,3,2,41,55,84
231,11815,France,Poland,W,3,2,25,21,22,25,15,57,11,5,58,79,119
232,11815,Poland,France,L,2,3,22,25,25,20,11,52,15,3,54,87,116
233,11816,Iran,Argentina,L,1,3,31,23,32,18,,59,9,5,55,89,113
234,11816,Argentina,Iran,W,3,1,33,25,30,25,,65,12,3,52,86,113
235,11817,Slovenia,Bulgaria,W,3,0,25,25,25,,,36,5,3,43,41,66
236,11817,Bulgaria,Slovenia,L,0,3,23,16,18,,,34,8,2,23,65,71
237,11818,Italy,Germany,W,3,2,25,24,25,21,15,58,15,5,73,78,123
238,11818,Germany,Italy,L,2,3,12,26,22,25,13,52,9,5,76,87,131
239,11819,Brazil,Russia,L,0,3,21,26,20,,,36,4,4,38,61,73
240,11819,Russia,Brazil,W,3,0,25,28,25,,,40,9,7,33,58,72
241,11820,Brazil,France,W,3,0,25,25,25,,,45,9,3,36,49,75
242,11820,France,Brazil,L,0,3,20,18,19,,,31,3,2,41,61,77
243,11821,Poland,Slovenia,W,3,0,25,25,25,,,37,14,6,37,53,72
244,11821,Slovenia,Poland,L,0,3,22,21,23,,,38,6,5,41,63,83
245,11822,France,Slovenia,W,3,0,25,25,25,,,44,11,5,38,48,71
246,11822,Slovenia,France,L,0,3,20,18,19,,,31,6,3,32,61,79
247,11823,Brazil,Poland,W,3,1,22,25,25,25,,54,9,6,62,62,103
248,11823,Poland,Brazil,L,1,3,25,23,16,14,,44,7,3,50,79,102
249,13455,Brazil,Cuba,W,3,2,31,21,25,25,18,59,15,5,23,80,108
250,13455,Cuba,Brazil,L,2,3,33,25,16,17,16,62,11,6,18,103,124
251,13456,Japan,Qatar,W,3,0,25,25,25,,,45,8,2,8,43,73
252,13456,Qatar,Japan,L,0,3,20,18,15,,,29,4,2,14,57,72
253,13457,France,Germany,W,3,0,25,28,26,,,42,8,6,4,58,73
254,13457,Germany,France,L,0,3,22,26,24,,,45,3,2,1,59,83
255,13458,USA,Mexico,W,3,0,25,25,25,,,44,6,4,35,38,65
256,13458,Mexico,USA,L,0,3,18,20,12,,,31,5,1,23,63,67
257,13459,Poland,Bulgaria,W,3,0,25,25,25,,,39,8,13,27,42,66
258,13459,Bulgaria,Poland,L,0,3,12,20,20,,,29,6,3,28,65,68
259,13460,Slovenia,Cameroon,W,3,0,25,25,25,,,40,6,6,1,49,73
260,13460,Cameroon,Slovenia,L,0,3,19,23,21,,,40,7,4,2,66,84
261,13461,TÃ¼rkiye,China,W,3,0,25,25,25,,,41,7,7,0,37,50
262,13461,China,TÃ¼rkiye,L,0,3,15,19,14,,,28,2,1,1,62,52
263,13462,Netherlands,Egypt,W,3,0,25,25,25,,,40,9,6,2,44,75
264,13462,Egypt,Netherlands,L,0,3,17,22,16,,,28,4,1,4,59,73
265,13463,Argentina,Iran,L,2,3,25,28,18,34,19,69,14,3,1,105,117
266,13463,Iran,Argentina,W,3,2,22,30,25,32,21,71,3,4,0,89,120
267,13464,Tunisia,Puerto Rico,W,3,0,25,25,25,,,39,10,1,31,46,74
268,13464,Puerto Rico,Tunisia,L,0,3,19,17,20,,,33,1,5,31,63,82
269,13465,Ukraine,Serbia,L,0,3,26,21,20,,,40,7,3,25,64,84
270,13465,Serbia,Ukraine,W,3,0,28,25,25,,,34,4,7,27,50,75
271,13466,Italy,Canada,W,3,0,25,25,39,,,45,14,4,21,55,82
272,13466,Canada,Italy,L,0,3,13,18,37,,,33,4,3,17,70,84
273,13467,Cuba,Qatar,W,3,1,25,25,22,25,,57,11,5,28,71,96
274,13467,Qatar,Cuba,L,1,3,21,21,25,19,,37,9,5,26,75,92
275,13468,Brazil,Japan,W,3,0,25,25,25,,,40,9,4,34,44,76
276,13468,Japan,Brazil,L,0,3,21,18,16,,,29,4,4,31,61,86
277,13469,Germany,Cameroon,W,3,0,30,25,25,,,51,4,6,24,53,76
278,13469,Cameroon,Germany,L,0,3,28,14,19,,,33,6,2,24,65,68
279,13470,USA,Bulgaria,W,3,0,25,25,26,,,39,8,7,42,52,78
280,13470,Bulgaria,USA,L,0,3,20,23,24,,,38,7,3,34,65,81
281,13471,Poland,Mexico,W,3,0,25,25,25,,,35,12,4,21,38,57
282,13471,Mexico,Poland,L,0,3,17,14,19,,,26,2,3,24,55,74
283,13472,France,Slovenia,W,3,2,25,22,23,34,15,67,8,8,19,85,135
284,13472,Slovenia,France,L,2,3,21,25,25,32,7,54,13,2,37,87,112
285,13473,Canada,China,W,3,0,25,25,25,,,41,4,5,27,55,72
286,13473,China,Canada,L,0,3,23,21,23,,,35,7,3,26,58,71
287,13474,Argentina,Netherlands,L,2,3,30,25,21,25,,59,11,7,46,88,99
288,13474,Netherlands,Argentina,W,3,2,28,20,25,27,5,69,10,8,36,86,117
289,13475,Iran,Egypt,W,3,1,25,25,22,26,,52,10,8,26,65,92
290,13475,Egypt,Iran,L,1,3,14,19,25,24,,44,9,3,20,81,86
291,13476,Serbia,Puerto Rico,W,3,0,26,25,25,,,36,9,8,29,49,62
292,13476,Puerto Rico,Serbia,L,0,3,24,21,16,,,37,2,7,28,66,76
293,13477,Ukraine,Tunisia,W,3,0,25,25,25,,,33,14,9,30,47,67
294,13477,Tunisia,Ukraine,L,0,3,21,19,15,,,27,7,1,32,59,77
295,13478,Italy,TÃ¼rkiye,W,3,0,25,25,25,,,43,7,3,41,48,78
296,13478,TÃ¼rkiye,Italy,L,0,3,18,20,22,,,29,5,5,32,61,71
297,13479,Brazil,Qatar,W,3,0,25,25,26,,,48,4,3,32,51,74
298,13479,Qatar,Brazil,L,0,3,13,23,24,,,38,4,1,21,62,74
299,13480,Japan,Cuba,W,3,1,25,21,25,25,,47,8,3,37,56,85
300,13480,Cuba,Japan,L,1,3,18,25,15,19,,44,5,5,34,76,89
301,13481,France,Cameroon,W,3,0,25,25,25,,,44,4,5,33,47,74
302,13481,Cameroon,France,L,0,3,19,19,22,,,34,3,3,18,62,70
303,13482,Mexico,Bulgaria,W,3,2,20,25,25,23,18,56,8,10,47,85,110
304,13482,Bulgaria,Mexico,L,2,3,25,20,23,25,16,63,9,6,41,96,124
305,13483,Poland,USA,W,3,1,23,25,25,25,,55,6,6,39,66,100
306,13483,USA,Poland,L,1,3,25,21,19,21,,44,7,8,41,77,92
307,13484,Slovenia,Germany,W,3,0,25,25,25,,,41,9,4,25,43,65
308,13484,Germany,Slovenia,L,0,3,16,22,17,,,35,1,2,21,63,80
309,13485,Argentina,Egypt,W,3,2,27,26,24,25,15,74,7,7,29,91,125
310,13485,Egypt,Argentina,L,2,3,25,28,26,17,6,55,9,2,36,91,110
311,13486,Canada,TÃ¼rkiye,L,0,3,23,23,17,,,44,2,7,31,66,95
312,13486,TÃ¼rkiye,Canada,W,3,0,25,25,25,,,43,7,5,31,55,78
313,13487,Iran,Netherlands,L,1,3,22,25,20,18,,43,7,4,25,74,82
314,13487,Netherlands,Iran,W,3,1,25,21,25,25,,48,12,6,29,66,84
315,13488,Serbia,Tunisia,W,3,0,29,25,25,,,40,10,6,27,50,69
316,13488,Tunisia,Serbia,L,0,3,27,15,17,,,30,8,4,22,66,77
317,13489,Ukraine,Puerto Rico,W,3,1,24,25,25,25,,53,5,11,49,66,101
318,13489,Puerto Rico,Ukraine,L,1,3,26,19,16,19,,45,6,3,41,82,94
319,13490,Italy,China,W,3,0,25,25,25,,,43,7,4,34,33,57
320,13490,China,Italy,L,0,3,14,10,14,,,24,1,0,23,65,82
321,13491,Slovenia,Germany,W,3,1,25,25,21,25,,44,10,6,38,65,103
322,13491,Germany,Slovenia,L,1,3,18,19,25,22,,45,8,5,42,78,114
323,13492,Italy,Cuba,W,3,1,25,21,26,25,,39,12,2,36,67,90
324,13492,Cuba,Italy,L,1,3,21,25,24,18,,52,5,3,38,77,117
325,13493,USA,TÃ¼rkiye,W,3,2,25,25,22,19,15,60,7,3,43,81,127
326,13493,TÃ¼rkiye,USA,L,2,3,21,17,25,25,12,65,6,0,30,91,125
327,13494,Poland,Tunisia,W,3,0,25,25,25,,,42,5,9,21,46,75
328,13494,Tunisia,Poland,L,0,3,20,15,20,,,28,2,1,19,56,76
329,13495,Netherlands,Ukraine,L,0,3,16,19,18,,,33,1,2,16,62,71
330,13495,Ukraine,Netherlands,W,3,0,25,25,25,,,37,12,5,17,42,54
331,13496,France,Japan,W,3,2,25,21,26,22,18,64,11,5,34,88,120
332,13496,Japan,France,L,2,3,17,25,24,25,16,64,8,5,37,90,123
333,13497,Serbia,Argentina,L,0,3,23,21,23,,,41,7,3,19,59,82
334,13497,Argentina,Serbia,W,3,0,25,25,25,,,43,10,3,22,53,78
335,13498,Brazil,Iran,W,3,0,25,25,25,,,41,6,7,31,48,77
336,13498,Iran,Brazil,L,0,3,17,22,23,,,32,7,5,27,63,76
337,13499,Italy,France,W,3,2,24,25,23,25,15,47,10,6,39,78,107
338,13499,France,Italy,L,2,3,26,21,25,22,12,56,7,4,41,86,119
339,13500,Slovenia,Ukraine,W,3,1,18,26,25,25,,50,7,4,43,72,94
340,13500,Ukraine,Slovenia,L,1,3,25,24,19,23,,54,9,7,33,79,104
341,13501,Argentina,Brazil,L,1,3,16,25,22,21,,44,9,4,35,82,101
342,13501,Brazil,Argentina,W,3,1,25,23,25,25,,52,9,6,31,66,101
343,13502,Poland,USA,W,3,2,25,27,21,22,15,67,9,8,33,90,126
344,13502,USA,Poland,L,2,3,20,25,25,25,12,63,4,6,38,82,120
345,13503,Poland,Brazil,W,3,2,23,25,25,21,15,66,10,3,53,82,123
346,13503,Brazil,Poland,L,2,3,25,18,20,25,12,55,8,3,48,89,131
347,13504,Italy,Slovenia,W,3,0,25,25,25,,,41,8,2,26,56,79
348,13504,Slovenia,Italy,L,0,3,21,22,21,,,36,9,2,36,63,94
349,13505,Brazil,Slovenia,W,3,1,25,25,22,25,,50,13,8,50,65,107
350,13505,Slovenia,Brazil,L,1,3,18,18,25,18,,45,4,5,46,88,130
351,13506,Poland,Italy,L,1,3,25,21,18,20,,49,5,5,55,78,127
352,13506,Italy,Poland,W,3,1,22,25,25,25,,50,9,4,49,70,113
353,13650,China,Iran,L,1,3,15,25,22,15,,44,6,5,30,78,59
354,13650,Iran,China,W,3,1,25,19,25,25,,48,7,14,39,65,63
355,13651,Slovenia,USA,L,0,3,19,19,14,,,27,4,3,37,61,45
356,13651,USA,Slovenia,W,3,0,25,25,25,,,36,14,7,38,41,40
357,13652,Bulgaria,Serbia,L,1,3,25,19,22,20,,52,15,3,56,85,98
358,13652,Serbia,Bulgaria,W,3,1,19,25,25,25,,54,4,8,76,74,105
359,13653,Canada,Germany,L,0,3,19,20,28,,,37,4,4,42,62,77
360,13653,Germany,Canada,W,3,0,25,25,30,,,43,6,8,42,58,85
361,13654,Japan,Netherlands,W,3,1,22,26,25,25,,54,10,6,57,73,108
362,13654,Netherlands,Japan,L,1,3,25,24,22,17,,48,9,3,45,82,102
363,13655,Brazil,Australia,W,3,0,25,25,25,,,29,11,5,50,36,74
364,13655,Australia,Brazil,L,0,3,14,18,21,,,35,5,1,49,66,87
365,13656,Poland,Argentina,W,3,0,25,25,25,,,45,7,3,52,52,85
366,13656,Argentina,Poland,L,0,3,21,22,23,,,31,6,3,51,57,83
367,13657,France,Italy,W,3,0,25,26,25,,,37,6,4,59,49,83
368,13657,Italy,France,L,0,3,22,24,19,,,34,6,2,60,60,95
369,13658,Japan,China,W,3,1,21,25,25,25,,56,4,8,48,64,95
370,13658,China,Japan,L,1,3,25,19,19,18,,37,10,0,28,69,78
371,13659,Netherlands,USA,L,0,3,12,18,16,,,26,5,0,29,65,75
372,13659,USA,Netherlands,W,3,0,25,25,25,,,42,8,5,40,38,65
373,13660,Brazil,Slovenia,W,3,1,25,21,25,25,,47,11,8,48,60,83
374,13660,Slovenia,Brazil,L,1,3,21,25,20,16,,52,6,6,48,81,102
375,13661,Germany,Argentina,L,1,3,25,22,17,20,,48,6,9,52,80,101
376,13661,Argentina,Germany,W,3,1,18,25,25,25,,47,10,6,58,67,94
377,13662,Serbia,France,L,1,3,25,22,23,23,,57,6,3,77,76,111
378,13662,France,Serbia,W,3,1,21,25,25,25,,51,10,10,64,77,108
379,13663,Poland,Italy,L,1,3,25,23,20,20,,47,6,4,51,73,95
380,13663,Italy,Poland,W,3,1,21,25,25,25,,48,5,5,58,66,94
381,13664,Netherlands,Iran,W,3,0,26,25,25,,,48,8,2,40,57,77
382,13664,Iran,Netherlands,L,0,3,24,21,21,,,36,1,7,35,58,75
383,13665,Japan,USA,L,2,3,25,15,21,28,,60,3,1,85,83,140
384,13665,USA,Japan,W,3,2,17,25,25,26,5,64,10,4,72,82,128
385,13666,Australia,Slovenia,L,0,3,22,20,21,,,36,3,2,41,58,78
386,13666,Slovenia,Australia,W,3,0,25,25,25,,,43,7,3,34,51,66
387,13667,Serbia,Argentina,W,3,2,25,25,17,12,15,47,11,6,54,72,94
388,13667,Argentina,Serbia,L,2,3,16,18,25,25,6,55,10,8,55,85,109
389,13668,Bulgaria,Germany,L,2,3,20,25,16,25,10,58,10,2,47,91,107
390,13668,Germany,Bulgaria,W,3,2,25,22,25,20,15,61,13,5,63,78,111
391,13669,France,Canada,W,3,0,25,25,25,,,36,8,6,46,48,73
392,13669,Canada,France,L,0,3,16,23,21,,,28,7,5,41,57,69
393,13670,USA,Brazil,W,3,1,21,27,25,25,,55,8,5,58,69,107
394,13670,Brazil,USA,L,1,3,25,25,20,20,,56,8,3,50,81,104
395,13671,Slovenia,China,W,3,1,25,25,18,27,,56,9,2,51,75,107
396,13671,China,Slovenia,L,1,3,15,20,25,25,,47,9,3,36,79,97
397,13672,Iran,Australia,W,3,1,25,25,18,25,,48,12,5,51,62,92
398,13672,Australia,Iran,L,1,3,14,22,25,15,,40,9,2,48,76,102
399,13673,Germany,Serbia,W,3,2,27,25,18,28,18,60,16,9,81,102,141
400,13673,Serbia,Germany,L,2,3,25,27,25,26,16,71,9,10,80,96,138
401,13674,Bulgaria,Poland,L,0,3,19,19,23,,,36,8,2,43,64,84
402,13674,Poland,Bulgaria,W,3,0,25,25,25,,,44,4,6,53,49,82
403,13675,Canada,Italy,L,0,3,21,18,19,,,27,9,0,30,61,82
404,13675,Italy,Canada,W,3,0,25,25,25,,,47,7,3,34,52,77
405,13676,Brazil,China,L,0,3,23,29,23,,,47,6,4,38,68,87
406,13676,China,Brazil,W,3,0,25,31,25,,,43,9,4,28,64,77
407,13677,Iran,Japan,L,0,3,20,14,19,,,27,3,4,32,62,72
408,13677,Japan,Iran,W,3,0,25,25,25,,,39,6,10,41,41,69
409,13678,Netherlands,Australia,W,3,0,25,25,25,,,37,6,9,30,45,66
410,13678,Australia,Netherlands,L,0,3,20,15,23,,,34,4,1,30,57,62
411,13679,France,Poland,L,1,3,25,22,21,22,,50,6,9,61,81,103
412,13679,Poland,France,W,3,1,21,25,25,25,,47,10,7,63,70,96
413,13680,Argentina,Italy,L,1,3,20,21,25,28,,51,9,2,81,73,113
414,13680,Italy,Argentina,W,3,1,25,25,16,30,,48,13,7,73,74,112
415,13681,Bulgaria,Canada,L,2,3,18,18,26,25,11,52,9,7,53,89,112
416,13681,Canada,Bulgaria,W,3,2,25,25,24,21,15,66,14,7,60,85,116
417,13682,Slovenia,Netherlands,L,0,3,17,21,24,,,35,8,2,44,64,81
418,13682,Netherlands,Slovenia,W,3,0,25,25,26,,,38,5,9,44,47,74
419,13683,Argentina,Japan,L,1,3,25,18,25,16,,49,5,1,46,73,89
420,13683,Japan,Argentina,W,3,1,27,25,17,25,,56,6,9,61,67,106
421,13684,Australia,Canada,L,1,3,25,26,19,22,,54,7,8,44,78,108
422,13684,Canada,Australia,W,3,1,18,28,25,25,,53,7,7,22,77,104
423,13685,Iran,Bulgaria,L,0,3,19,23,24,,,39,5,1,17,64,76
424,13685,Bulgaria,Iran,W,3,0,25,25,26,,,44,8,6,19,57,77
425,13687,Germany,Italy,L,0,3,16,21,22,,,33,4,3,33,61,75
426,13687,Italy,Germany,W,3,0,25,25,25,,,35,12,4,38,43,59
427,13688,Brazil,Poland,L,1,3,16,25,16,22,,48,5,1,42,80,111
428,13688,Poland,Brazil,W,3,1,25,22,25,25,,48,7,13,34,63,99
429,13689,Serbia,USA,L,1,3,24,25,23,20,,57,3,6,29,81,97
430,13689,USA,Serbia,W,3,1,26,23,25,25,,56,7,5,30,71,92
431,13690,France,Netherlands,W,3,0,25,25,25,,,41,12,4,29,40,59
432,13690,Netherlands,France,L,0,3,14,23,13,,,30,1,5,34,61,76
433,13692,Argentina,Slovenia,L,1,3,20,29,18,17,,47,10,4,66,86,119
434,13692,Slovenia,Argentina,W,3,1,25,27,25,25,,50,8,6,68,65,111
435,13693,Poland,Canada,W,3,0,25,25,25,,,43,5,4,21,37,63
436,13693,Canada,Poland,L,0,3,16,18,16,,,28,2,3,14,60,70
437,13694,Serbia,Brazil,L,0,3,18,24,17,,,33,3,3,23,62,80
438,13694,Brazil,Serbia,W,3,0,25,26,25,,,36,7,8,25,46,75
439,13695,USA,Iran,L,0,3,18,27,25,,,42,4,3,20,66,89
440,13695,Iran,USA,W,3,0,25,29,27,,,46,6,5,16,60,74
441,13696,Germany,Netherlands,L,1,3,25,29,23,16,,55,9,1,86,81,133
442,13696,Netherlands,Germany,W,3,1,22,31,25,25,,57,15,6,78,74,125
443,13697,Argentina,China,W,3,1,25,22,25,25,,61,6,3,58,74,101
444,13697,China,Argentina,L,1,3,22,25,22,22,,54,6,2,52,75,102
445,13698,Japan,Italy,W,3,2,25,21,24,25,15,64,2,14,71,81,127
446,13698,Italy,Japan,L,2,3,20,25,26,19,13,63,14,3,47,96,104
447,13699,Serbia,Canada,W,3,2,20,19,25,26,15,58,6,3,38,80,100
448,13699,Canada,Serbia,L,2,3,25,25,20,24,11,54,9,8,19,83,100
449,13700,Iran,Brazil,L,0,3,28,23,19,,,35,5,4,13,60,66
450,13700,Brazil,Iran,W,3,0,30,25,25,,,50,7,5,22,59,83
451,13701,Australia,Bulgaria,W,3,2,21,25,25,20,17,61,8,7,42,86,122
452,13701,Bulgaria,Australia,L,2,3,25,13,22,25,15,53,17,7,32,94,118
453,13702,Argentina,Netherlands,L,2,3,25,23,25,19,13,62,11,4,65,85,107
454,13702,Netherlands,Argentina,W,3,2,22,25,20,25,15,66,8,8,67,88,127
455,13703,Japan,France,L,0,3,22,25,16,,,40,2,1,60,62,95
456,13703,France,Japan,W,3,0,25,27,25,,,39,8,5,54,48,86
457,13704,Italy,Slovenia,W,3,0,25,25,25,,,49,5,6,46,48,88
458,13704,Slovenia,Italy,L,0,3,19,16,21,,,33,4,0,46,60,73
459,13705,Canada,Iran,L,0,3,21,25,18,,,40,3,4,28,62,80
460,13705,Iran,Canada,W,3,0,25,27,25,,,40,4,4,23,44,63
461,13706,Poland,Australia,W,3,0,25,25,25,,,45,5,4,26,44,76
462,13706,Australia,Poland,L,0,3,17,19,14,,,27,4,1,21,65,81
463,13707,USA,Bulgaria,W,3,1,25,20,26,25,,55,7,8,44,69,90
464,13707,Bulgaria,USA,L,1,3,12,25,24,23,,47,5,6,22,77,101
465,13708,Germany,France,L,1,3,16,19,25,21,,32,7,4,32,64,79
466,13708,France,Germany,W,3,1,25,25,19,25,,48,10,8,45,57,86
467,13709,Japan,Slovenia,W,3,1,25,22,25,25,,55,6,5,56,65,102
468,13709,Slovenia,Japan,L,1,3,21,25,18,19,,52,9,2,54,79,103
469,13710,Italy,China,W,3,0,25,25,25,,,45,11,7,38,52,74
470,13710,China,Italy,L,0,3,21,18,19,,,31,4,3,39,59,80
471,13711,Serbia,Australia,W,3,0,25,25,25,,,51,5,2,28,48,75
472,13711,Australia,Serbia,L,0,3,17,20,22,,,37,6,1,12,63,62
473,13712,USA,Poland,L,1,3,25,23,24,22,,49,5,8,27,79,96
474,13712,Poland,USA,W,3,1,21,25,26,25,,57,7,4,38,78,103
475,13713,Bulgaria,Brazil,L,0,3,21,19,22,,,38,8,3,17,62,75
476,13713,Brazil,Bulgaria,W,3,0,25,25,25,,,44,9,4,26,52,66
477,13714,USA,Germany,W,3,1,25,25,22,25,,59,4,7,55,67,106
478,13714,Germany,USA,L,1,3,21,19,25,18,,47,3,2,68,78,125
479,13715,Canada,Argentina,L,1,3,21,25,21,23,,53,4,3,60,77,107
480,13715,Argentina,Canada,W,3,1,25,23,25,25,,50,7,4,49,70,109
481,13716,Bulgaria,Italy,L,0,3,15,20,23,,,37,2,2,12,65,84
482,13716,Italy,Bulgaria,W,3,0,25,25,25,,,37,11,6,20,48,68
483,13717,Iran,Poland,W,3,2,21,25,25,25,15,56,5,9,37,79,106
484,13717,Poland,Iran,L,2,3,25,23,22,27,7,60,12,10,36,95,108
485,13718,Brazil,Germany,W,3,1,25,25,25,25,,63,6,6,60,69,106
486,13718,Germany,Brazil,L,1,3,27,17,20,19,,51,6,3,57,85,118
487,13719,Japan,Australia,W,3,1,25,25,23,25,,61,6,13,51,67,96
488,13719,Australia,Japan,L,1,3,18,15,25,19,,51,4,1,41,81,84
489,13720,Netherlands,China,W,3,0,29,25,25,,,43,13,10,18,49,71
490,13720,China,Netherlands,L,0,3,27,12,13,,,33,6,0,24,66,67
491,13721,Slovenia,Serbia,W,3,0,25,25,25,,,36,6,4,14,43,63
492,13721,Serbia,Slovenia,L,0,3,15,19,23,,,36,3,2,18,62,85
493,13722,France,USA,L,2,3,25,22,25,14,8,53,5,7,86,82,132
494,13722,USA,France,W,3,2,15,25,22,25,15,46,9,6,61,68,104
495,13723,Germany,Australia,W,3,1,20,25,25,26,,52,8,5,48,66,96
496,13723,Australia,Germany,L,1,3,25,16,21,24,,48,5,4,50,77,88
497,13724,Canada,Brazil,L,0,3,18,19,16,,,36,1,5,46,67,91
498,13724,Brazil,Canada,W,3,0,25,25,25,,,43,5,4,49,45,73
499,13725,Italy,Iran,W,3,1,25,25,25,25,,55,10,8,33,73,104
500,13725,Iran,Italy,L,1,3,16,27,23,23,,49,7,8,32,83,114
501,13726,Bulgaria,Slovenia,L,1,3,22,25,18,16,,45,9,4,13,83,99
502,13726,Slovenia,Bulgaria,W,3,1,25,22,25,25,,53,10,3,27,64,94
503,13727,Poland,China,W,3,0,26,25,25,,,40,4,12,13,43,60
504,13727,China,Poland,L,0,3,24,16,18,,,34,8,2,13,65,59
505,13728,Argentina,Australia,W,3,1,21,25,25,25,,54,12,8,62,68,100
506,13728,Australia,Argentina,L,1,3,25,23,19,15,,46,7,3,46,81,91
507,13729,France,Brazil,W,3,0,25,25,25,,,49,6,11,41,60,86
508,13729,Brazil,France,L,0,3,21,22,21,,,31,2,5,41,52,73
509,13730,Japan,Canada,W,3,1,25,25,22,25,,54,5,7,71,65,100
510,13730,Canada,Japan,L,1,3,20,16,25,20,,50,4,8,61,81,105
511,13731,Bulgaria,Netherlands,W,3,1,22,25,25,25,,53,12,5,21,73,104
512,13731,Netherlands,Bulgaria,L,1,3,25,16,21,21,,48,3,6,29,84,115
513,13732,Slovenia,Iran,L,0,3,24,14,21,,,27,5,4,15,57,64
514,13732,Iran,Slovenia,W,3,0,26,25,25,,,37,6,6,20,47,68
515,13733,Italy,Serbia,W,3,0,25,25,25,,,36,14,6,18,51,73
516,13733,Serbia,Italy,L,0,3,21,14,23,,,34,3,2,16,64,94
517,13734,France,Argentina,L,1,3,22,25,23,19,,47,4,3,75,72,108
518,13734,Argentina,France,W,3,1,25,23,25,25,,62,4,5,73,68,115
519,13735,Canada,USA,L,0,3,19,15,19,,,34,1,2,49,61,82
520,13735,USA,Canada,W,3,0,25,25,25,,,47,5,5,47,45,72
521,13736,Germany,Japan,L,1,3,25,22,20,20,,47,8,2,56,77,101
522,13736,Japan,Germany,W,3,1,23,25,25,25,,52,10,4,53,64,92
523,13737,China,Bulgaria,W,3,1,26,25,25,25,,62,8,7,22,79,91
524,13737,Bulgaria,China,L,1,3,28,23,23,17,,55,7,3,22,84,94
525,13738,Iran,Serbia,W,3,0,35,25,25,,,48,14,7,25,58,83
526,13738,Serbia,Iran,L,0,3,33,21,12,,,40,6,1,19,72,87
527,13739,Poland,Netherlands,W,3,0,25,25,25,,,41,7,4,24,49,60
528,13739,Netherlands,Poland,L,0,3,19,23,22,,,37,4,6,19,63,76
529,13740,USA,Argentina,W,3,2,29,22,20,25,17,65,13,3,66,81,115
530,13740,Argentina,USA,L,2,3,27,25,25,13,15,66,7,2,66,92,130
531,13741,Australia,France,L,0,3,16,12,26,,,23,3,2,39,55,68
532,13741,France,Australia,W,3,0,25,25,28,,,43,8,6,36,43,66
533,13742,Brazil,Japan,W,3,0,25,25,25,,,42,7,4,39,56,76
534,13742,Japan,Brazil,L,0,3,23,23,22,,,40,3,3,52,60,81
535,13743,China,Serbia,L,1,3,17,17,25,22,,48,7,2,22,86,99
536,13743,Serbia,China,W,3,1,25,25,23,25,,44,8,6,31,61,92
537,13744,Italy,Netherlands,W,3,0,25,26,25,,,44,6,4,18,49,74
538,13744,Netherlands,Italy,L,0,3,23,24,21,,,36,5,5,18,62,72
539,13745,Poland,Slovenia,W,3,1,25,25,23,25,,47,13,9,28,58,88
540,13745,Slovenia,Poland,L,1,3,14,23,25,17,,41,6,7,22,78,98
541,13746,USA,Brazil,W,3,1,20,25,25,25,,56,7,4,61,69,104
542,13746,Brazil,USA,L,1,3,25,22,23,17,,61,3,2,61,81,119
543,13747,Italy,Netherlands,W,3,1,21,25,25,25,,47,12,7,51,63,95
544,13747,Netherlands,Italy,L,1,3,25,22,13,22,,52,4,6,53,88,122
545,13748,France,Japan,W,3,0,26,25,25,,,41,8,3,33,47,65
546,13748,Japan,France,L,0,3,24,16,20,,,30,3,4,39,54,73
547,13749,Poland,Iran,W,3,2,25,24,25,16,15,50,10,6,60,78,106
548,13749,Iran,Poland,L,2,3,21,26,18,25,7,55,7,6,61,81,122
549,13750,Poland,USA,L,0,3,22,23,13,,,34,2,4,31,63,77
550,13750,USA,Poland,W,3,0,25,25,25,,,38,6,9,35,43,63
551,13751,Italy,France,L,0,3,22,20,15,,,32,3,2,39,57,73
552,13751,France,Italy,W,3,0,25,25,25,,,46,4,11,44,50,71
553,13752,Italy,Poland,L,0,3,16,23,20,,,33,2,1,52,57,88
554,13752,Poland,Italy,W,3,0,25,25,25,,,37,3,10,41,48,77
555,13753,France,USA,W,3,2,25,25,15,21,15,59,6,6,48,82,108
556,13753,USA,France,L,2,3,16,19,25,25,10,60,7,1,54,80,106
557,16128,Bulgaria,China,L,2,3,20,25,21,25,,52,10,4,39,83,106
558,16128,China,Bulgaria,W,3,2,25,21,25,20,5,56,12,8,32,84,98
559,16129,Japan,Iran,W,3,0,25,25,25,,,47,4,4,48,45,83
560,16129,Iran,Japan,L,0,3,16,22,19,,,29,6,3,26,61,78
561,16130,Italy,Argentina,L,0,3,22,23,18,,,37,2,2,51,56,87
562,16130,Argentina,Italy,W,3,0,25,25,25,,,40,8,4,34,51,72
563,16131,Canada,Cuba,W,3,2,25,26,25,22,15,58,17,3,109,85,135
564,16131,Cuba,Canada,L,2,3,21,28,21,25,13,75,6,3,89,95,146
565,16132,Slovenia,Serbia,W,3,1,31,19,25,25,,68,7,2,50,84,124
566,16132,Serbia,Slovenia,L,1,3,29,25,20,21,,56,9,1,49,82,118
567,16133,Poland,France,W,3,1,25,18,35,25,,53,13,8,34,76,95
568,16133,France,Poland,L,1,3,23,25,33,15,,51,7,3,32,83,96
569,16134,USA,Netherlands,W,3,0,25,25,25,,,41,8,6,41,52,77
570,16134,Netherlands,USA,L,0,3,19,23,21,,,36,2,3,44,59,81
571,16135,Brazil,Germany,W,3,1,26,25,19,25,,50,10,5,69,61,93
572,16135,Germany,Brazil,L,1,3,24,16,25,15,,56,4,4,71,85,117
573,16136,Slovenia,Bulgaria,L,0,3,24,23,17,,,38,3,3,31,62,79
574,16136,Bulgaria,Slovenia,W,3,0,26,25,25,,,42,7,4,31,55,78
575,16137,Serbia,China,W,3,0,34,25,25,,,41,9,8,42,58,85
576,16137,China,Serbia,L,0,3,32,16,20,,,45,6,1,34,75,93
577,16138,Poland,Iran,W,3,2,23,23,25,25,15,66,11,6,55,79,114
578,16138,Iran,Poland,L,2,3,25,25,21,15,13,59,10,3,42,95,117
579,16139,Netherlands,Cuba,W,3,0,28,25,25,,,42,6,1,43,52,78
580,16139,Cuba,Netherlands,L,0,3,26,23,18,,,34,5,3,46,59,81
581,16140,Italy,USA,L,0,3,15,18,19,,,30,1,4,41,62,82
582,16140,USA,Italy,W,3,0,25,25,25,,,35,7,10,44,40,63
583,16141,Argentina,Brazil,L,2,3,25,19,25,23,13,60,10,4,91,91,132
584,16141,Brazil,Argentina,W,3,2,19,25,23,25,15,68,8,7,89,87,133
585,16142,China,France,L,1,3,20,25,16,17,,42,6,1,49,77,97
586,16142,France,China,W,3,1,25,23,25,25,,57,5,9,64,65,110
587,16143,Poland,Bulgaria,W,3,2,25,25,22,25,15,57,7,9,57,73,112
588,16143,Bulgaria,Poland,L,2,3,27,19,25,22,11,60,6,3,53,89,122
589,16144,Japan,Serbia,W,3,1,22,25,25,25,,62,3,6,46,68,97
590,16144,Serbia,Japan,L,1,3,25,21,23,20,,51,8,2,33,78,98
591,16145,Netherlands,Germany,W,3,0,25,33,25,,,36,12,8,42,55,75
592,16145,Germany,Netherlands,L,0,3,20,31,21,,,39,8,0,47,67,88
593,16146,Italy,Cuba,W,3,1,25,25,20,25,,52,8,5,46,63,92
594,16146,Cuba,Italy,L,1,3,20,19,25,18,,41,9,3,35,72,95
595,16147,Canada,Argentina,L,1,3,21,25,21,16,,53,4,3,76,80,129
596,16147,Argentina,Canada,W,3,1,25,21,25,25,,55,10,3,83,73,122
597,16148,France,Slovenia,L,1,3,23,18,25,22,,46,7,3,55,71,108
598,16148,Slovenia,France,W,3,1,25,25,21,25,,46,12,3,48,66,105
599,16149,Iran,China,W,3,1,23,25,25,25,,61,10,9,45,63,92
600,16149,China,Iran,L,1,3,25,15,20,14,,41,12,5,29,86,85
601,16150,Japan,Bulgaria,W,3,0,25,25,26,,,48,5,3,41,55,79
602,16150,Bulgaria,Japan,L,0,3,22,21,24,,,34,6,5,34,58,78
603,16151,Germany,Italy,L,1,3,23,18,27,19,,45,10,5,63,78,95
604,16151,Italy,Germany,W,3,1,25,25,25,25,,54,8,7,66,70,109
605,16152,Brazil,Cuba,L,2,3,16,25,29,22,18,67,8,2,70,91,129
606,16152,Cuba,Brazil,W,3,2,25,22,27,25,20,70,14,5,53,90,118
607,16153,Canada,USA,L,0,3,22,20,20,,,36,6,1,58,61,78
608,16153,USA,Canada,W,3,0,25,25,25,,,46,6,5,49,55,86
609,16154,Slovenia,Iran,W,3,0,25,25,25,,,40,8,10,45,57,93
610,16154,Iran,Slovenia,L,0,3,19,23,23,,,37,5,1,46,57,84
611,16155,Serbia,Poland,W,3,0,25,25,25,,,43,9,6,37,46,74
612,16155,Poland,Serbia,L,0,3,21,19,14,,,36,4,3,26,64,82
613,16156,Japan,France,W,3,1,25,25,25,25,,55,6,7,47,68,99
614,16156,France,Japan,L,1,3,27,22,21,20,,55,6,3,39,83,96
615,16157,Argentina,Netherlands,W,3,2,34,25,25,20,15,63,15,8,85,88,132
616,16157,Netherlands,Argentina,L,2,3,36,20,17,25,10,60,9,7,78,100,129
617,16158,USA,Brazil,L,1,3,19,25,15,21,,51,5,4,45,80,109
618,16158,Brazil,USA,W,3,1,25,21,25,25,,50,9,5,43,62,94
619,16159,Canada,Germany,L,1,3,25,17,21,21,,47,9,1,62,79,104
620,16159,Germany,Canada,W,3,1,20,25,25,25,,63,11,4,61,73,118
621,16160,Japan,Canada,W,3,1,25,25,24,25,,61,8,8,66,69,106
622,16160,Canada,Japan,L,1,3,22,17,26,14,,48,7,8,64,88,110
623,16161,Iran,Germany,W,3,0,25,26,25,,,36,12,6,40,47,65
624,16161,Germany,Iran,L,0,3,23,24,16,,,40,3,2,35,63,82
625,16162,USA,Serbia,W,3,1,22,25,25,25,,50,11,6,65,65,103
626,16162,Serbia,USA,L,1,3,25,19,19,21,,45,4,6,67,79,119
627,16163,Argentina,Slovenia,L,1,3,25,21,21,21,,54,3,2,59,76,110
628,16163,Slovenia,Argentina,W,3,1,21,25,25,25,,49,9,5,52,67,99
629,16164,Netherlands,China,W,3,0,25,25,25,,,35,13,2,35,53,74
630,16164,China,Netherlands,L,0,3,19,22,21,,,34,8,6,36,64,88
631,16165,Brazil,Bulgaria,W,3,0,25,25,25,,,39,7,6,37,40,63
632,16165,Bulgaria,Brazil,L,0,3,22,17,15,,,30,3,1,34,60,81
633,16166,Japan,Cuba,W,3,0,25,25,25,,,42,3,0,36,40,66
634,16166,Cuba,Japan,L,0,3,21,16,21,,,30,8,3,24,61,65
635,16167,Iran,Italy,L,0,3,19,16,24,,,36,2,1,55,60,82
636,16167,Italy,Iran,W,3,0,25,25,26,,,41,12,7,48,53,82
637,16168,USA,China,W,3,0,28,25,25,,,51,4,6,34,57,76
638,16168,China,USA,L,0,3,26,22,18,,,40,0,5,44,61,75
639,16169,Slovenia,Canada,W,3,0,25,25,25,,,48,6,7,51,53,76
640,16169,Canada,Slovenia,L,0,3,23,22,14,,,41,4,2,54,64,90
641,16170,Germany,Poland,L,2,3,21,25,14,25,10,49,12,2,53,82,107
642,16170,Poland,Germany,W,3,2,25,22,25,17,15,59,15,6,58,80,123
643,16171,Argentina,France,W,3,1,22,26,25,25,,51,7,4,50,70,106
644,16171,France,Argentina,L,1,3,25,24,21,20,,53,7,2,56,79,110
645,16172,Japan,Brazil,W,3,2,25,25,18,22,18,73,4,7,72,94,133
646,16172,Brazil,Japan,L,2,3,23,21,25,25,16,67,11,2,60,85,117
647,16173,China,Italy,L,0,3,13,19,24,,,35,3,1,30,64,78
648,16173,Italy,China,W,3,0,25,25,26,,,36,12,4,25,44,65
649,16174,Serbia,Germany,W,3,1,25,20,25,25,,51,12,4,60,73,103
650,16174,Germany,Serbia,L,1,3,21,25,23,23,,55,6,10,62,81,116
651,16175,Canada,Bulgaria,W,3,1,22,25,25,25,,52,7,9,55,71,103
652,16175,Bulgaria,Canada,L,1,3,25,23,22,20,,51,11,4,48,80,103
653,16176,Netherlands,Poland,L,2,3,25,18,25,22,11,55,7,7,34,80,98
654,16176,Poland,Netherlands,W,3,2,22,25,18,25,15,57,8,5,43,75,90
655,16177,Slovenia,Cuba,W,3,1,22,25,25,25,,50,10,5,45,57,85
656,16177,Cuba,Slovenia,L,1,3,25,15,16,19,,45,2,4,39,76,88
657,16178,Argentina,Bulgaria,W,3,0,25,25,25,,,42,7,7,57,47,78
658,16178,Bulgaria,Argentina,L,0,3,18,21,22,,,36,4,2,46,66,89
659,16179,Iran,USA,L,0,3,22,18,23,,,39,5,2,37,61,74
660,16179,USA,Iran,W,3,0,25,25,25,,,33,7,13,38,51,68
661,16180,Serbia,Italy,L,0,3,11,21,20,,,40,6,1,37,72,92
662,16180,Italy,Serbia,W,3,0,25,25,25,,,37,13,5,35,43,66
663,16181,France,Cuba,W,3,0,25,25,25,,,32,5,4,46,40,74
664,16181,Cuba,France,L,0,3,18,20,20,,,32,8,4,37,59,81
665,16182,Japan,Argentina,W,3,2,25,25,31,22,15,87,5,3,66,90,125
666,16182,Argentina,Japan,L,2,3,18,22,33,25,12,67,7,4,56,97,117
667,16183,Poland,USA,L,0,3,22,18,19,,,29,6,2,39,58,77
668,16183,USA,Poland,W,3,0,25,25,25,,,38,8,7,39,47,74
669,16184,Brazil,Slovenia,W,3,1,23,25,26,25,,66,6,4,59,76,123
670,16184,Slovenia,Brazil,L,1,3,25,21,24,21,,55,3,1,66,75,109
671,16185,Netherlands,Iran,W,3,2,16,25,21,25,15,52,17,11,43,85,112
672,16185,Iran,Netherlands,L,2,3,25,16,25,17,10,45,10,7,42,85,103
673,16186,Canada,France,L,0,3,17,21,21,,,38,0,4,42,60,74
674,16186,France,Canada,W,3,0,25,25,25,,,51,5,4,42,52,78
675,16187,China,Germany,W,3,1,23,25,25,25,,58,8,5,60,67,91
676,16187,Germany,China,L,1,3,25,18,19,21,,55,4,3,55,81,102
677,16188,Italy,Poland,L,1,3,19,26,25,20,,55,9,4,55,78,117
678,16188,Poland,Italy,W,3,1,25,28,18,25,,56,8,7,64,72,111
679,16189,Bulgaria,Cuba,L,2,3,25,19,20,25,16,54,13,3,47,84,103
680,16189,Cuba,Bulgaria,W,3,2,23,25,25,16,18,62,8,8,54,87,118
681,16190,Netherlands,Serbia,L,2,3,25,21,25,33,,58,11,14,45,99,124
682,16190,Serbia,Netherlands,W,3,2,22,25,21,35,5,70,12,6,52,99,123
683,16191,Brazil,France,W,3,1,25,26,19,25,,56,7,4,60,74,103
684,16191,France,Brazil,L,1,3,20,24,25,23,,53,6,5,55,78,108
685,16192,Brazil,Italy,L,1,3,25,20,15,21,,59,4,3,62,86,124
686,16192,Italy,Brazil,W,3,1,23,25,25,25,,50,7,13,56,65,97
687,16193,Japan,China,W,3,2,24,25,21,25,15,63,4,8,61,87,130
688,16193,China,Japan,L,2,3,26,23,25,23,12,54,17,5,49,87,109
689,16194,Argentina,Serbia,W,3,1,19,25,25,25,,47,16,5,52,65,100
690,16194,Serbia,Argentina,L,1,3,25,16,19,18,,46,5,5,62,78,115
691,16195,Iran,France,L,0,3,18,22,19,,,30,6,1,45,58,68
692,16195,France,Iran,W,3,0,25,25,25,,,39,6,6,46,44,77
693,16196,Canada,Netherlands,L,1,3,22,22,25,18,,47,6,5,44,71,93
694,16196,Netherlands,Canada,W,3,1,25,25,17,25,,62,7,6,45,77,111
695,16197,Poland,Slovenia,W,3,2,29,21,25,25,15,66,9,6,79,94,143
696,16197,Slovenia,Poland,L,2,3,31,25,20,20,13,64,9,5,83,92,150
697,16198,Germany,Bulgaria,W,3,0,25,25,25,,,43,3,4,39,48,78
698,16198,Bulgaria,Germany,L,0,3,22,18,22,,,45,3,1,39,65,82
699,16199,USA,Cuba,W,3,0,27,25,25,,,38,7,8,24,42,63
700,16199,Cuba,USA,L,0,3,25,17,15,,,30,4,2,29,55,66
701,16200,Brazil,Netherlands,W,3,0,25,25,25,,,34,11,3,47,41,73
702,16200,Netherlands,Brazil,L,0,3,21,15,20,,,33,6,1,43,64,92
703,16201,Canada,Italy,L,2,3,14,25,20,25,,56,9,6,70,92,134
704,16201,Italy,Canada,W,3,2,25,23,25,23,5,65,12,8,68,77,124
705,16202,China,Slovenia,L,1,3,21,20,26,23,,53,7,5,62,84,118
706,16202,Slovenia,China,W,3,1,25,25,24,25,,62,4,6,66,77,134
707,16203,Argentina,Germany,W,3,0,25,25,25,,,38,11,7,41,47,78
708,16203,Germany,Argentina,L,0,3,23,18,17,,,28,8,2,40,60,81
709,16204,Serbia,Cuba,W,3,2,19,25,25,22,15,45,14,7,45,79,105
710,16204,Cuba,Serbia,L,2,3,25,23,21,25,11,53,14,8,40,86,110
711,16205,Bulgaria,Iran,W,3,2,21,25,22,25,15,59,12,4,46,84,128
712,16205,Iran,Bulgaria,L,2,3,25,21,25,22,11,47,15,6,46,83,103
713,16206,Poland,Brazil,W,3,1,25,22,25,25,,53,7,3,41,69,95
714,16206,Brazil,Poland,L,1,3,23,25,21,21,,52,7,4,47,73,98
715,16207,Slovenia,Italy,L,0,3,13,22,17,,,31,6,1,50,65,94
716,16207,Italy,Slovenia,W,3,0,25,25,25,,,38,14,6,51,43,87
717,16208,Japan,Netherlands,W,3,1,25,26,23,25,,52,12,4,47,65,100
718,16208,Netherlands,Japan,L,1,3,19,24,25,17,,47,10,2,52,80,102
719,16209,Serbia,France,L,1,3,25,23,20,26,,48,10,2,50,74,106
720,16209,France,Serbia,W,3,1,20,25,25,28,,56,10,2,47,77,114
721,16210,Cuba,Germany,L,0,3,23,23,22,,,39,11,1,36,62,80
722,16210,Germany,Cuba,W,3,0,25,25,25,,,40,4,9,37,53,75
723,16211,USA,Argentina,L,2,3,18,25,25,41,12,72,7,6,60,106,150
724,16211,Argentina,USA,W,3,2,25,23,23,43,15,73,13,4,72,96,144
725,16212,Brazil,China,W,3,0,25,25,25,,,38,10,3,34,40,69
726,16212,China,Brazil,L,0,3,19,17,17,,,32,3,3,26,66,92
727,16213,Poland,Canada,W,3,0,25,25,27,,,41,11,3,46,57,80
728,16213,Canada,Poland,L,0,3,21,23,25,,,41,3,6,46,62,89
729,16214,Japan,Italy,L,1,3,27,26,25,20,,56,4,6,69,86,126
730,16214,Italy,Japan,W,3,1,29,28,23,25,,62,13,5,53,84,116
731,16215,Bulgaria,Serbia,L,0,3,19,22,22,,,39,8,3,39,64,89
732,16215,Serbia,Bulgaria,W,3,0,25,25,25,,,40,5,5,44,49,73
733,16216,Argentina,Iran,W,3,2,25,28,27,25,15,65,14,5,59,84,132
734,16216,Iran,Argentina,L,2,3,19,30,29,20,11,53,13,3,52,95,130
735,16217,USA,France,W,3,0,25,27,27,,,38,8,4,34,55,77
736,16217,France,USA,L,0,3,23,25,25,,,41,8,3,38,64,90
737,16218,China,Canada,L,1,3,25,21,17,18,,51,4,6,34,84,108
738,16218,Canada,China,W,3,1,23,25,25,25,,55,9,5,44,70,91
739,16219,Slovenia,Netherlands,W,3,0,25,32,25,,,40,10,4,41,54,78
740,16219,Netherlands,Slovenia,L,0,3,20,30,22,,,41,8,3,33,67,85
741,16220,Japan,Poland,L,0,3,17,19,18,,,38,1,2,42,63,84
742,16220,Poland,Japan,W,3,0,25,25,25,,,44,7,8,43,45,75
743,16221,Cuba,Iran,W,3,2,25,26,25,28,15,76,11,7,58,98,124
744,16221,Iran,Cuba,L,2,3,22,28,23,30,10,57,10,3,53,89,117
745,16222,France,Germany,W,3,1,21,25,25,25,,52,8,4,42,69,95
746,16222,Germany,France,L,1,3,25,20,22,21,,51,6,6,45,77,96
747,16223,USA,Bulgaria,W,3,0,29,25,25,,,44,10,4,45,53,91
748,16223,Bulgaria,USA,L,0,3,27,19,21,,,31,7,1,45,56,83
749,16224,USA,France,W,3,2,25,25,17,24,15,61,8,5,78,78,127
750,16224,France,USA,L,2,3,21,18,25,26,9,58,11,6,71,87,133
751,16225,Italy,Argentina,W,3,0,25,25,25,,,44,9,5,50,37,73
752,16225,Argentina,Italy,L,0,3,17,13,14,,,26,4,2,32,65,81
753,16226,Japan,Slovenia,W,3,0,26,25,25,,,54,6,2,56,56,107
754,16226,Slovenia,Japan,L,0,3,24,18,22,,,41,5,0,56,63,99
755,16227,Poland,Brazil,W,3,0,26,25,25,,,37,10,9,44,53,79
756,16227,Brazil,Poland,L,0,3,24,21,20,,,35,5,5,39,63,84
757,16228,Japan,Poland,L,1,3,25,26,17,21,,55,4,8,54,80,107
758,16228,Poland,Japan,W,3,1,19,28,25,25,,61,9,4,57,74,95
759,16229,USA,Italy,W,3,0,25,25,25,,,44,10,3,59,44,86
760,16229,Italy,USA,L,0,3,19,18,19,,,33,6,4,42,65,92
761,16230,Japan,Italy,W,3,2,25,25,17,17,15,54,4,9,77,82,134
762,16230,Italy,Japan,L,2,3,18,23,25,25,9,53,13,7,53,86,119
763,16231,Poland,USA,W,3,1,25,24,25,25,,59,9,7,48,73,106
764,16231,USA,Poland,L,1,3,23,26,18,18,,51,8,3,58,84,106
765,18853,Bulgaria,France,L,0,3,21,24,14,,,34,3,3,34,60,77
766,18853,France,Bulgaria,W,3,0,25,26,25,,,38,9,4,36,47,63
767,18854,Türkiye,Canada,L,1,3,25,23,21,21,,44,12,5,60,73,99
768,18854,Canada,Türkiye,W,3,1,17,25,25,25,,51,5,12,54,76,115
769,18855,Argentina,Japan,L,1,3,26,22,23,19,,56,9,2,67,84,118
770,18855,Japan,Argentina,W,3,1,24,25,25,25,,68,8,5,73,80,134
771,18856,Cuba,Brazil,W,3,1,25,27,25,25,,59,10,7,61,74,109
772,18856,Brazil,Cuba,L,1,3,23,29,21,21,,60,4,4,67,82,123
773,18857,Netherlands,Slovenia,L,2,3,33,22,25,21,25,65,10,9,70,100,138
774,18857,Slovenia,Netherlands,W,3,2,31,25,20,25,27,65,8,11,78,95,138
775,18858,USA,Poland,L,0,3,22,15,24,,,34,3,6,35,63,78
776,18858,Poland,USA,W,3,0,25,25,26,,,40,6,8,46,49,70
777,18859,Germany,Italy,L,0,3,21,18,23,,,31,6,4,44,58,78
778,18859,Italy,Germany,W,3,0,25,25,25,,,44,7,4,49,49,78
779,18860,Iran,Serbia,L,1,3,25,25,19,18,,45,9,6,62,71,102
780,18860,Serbia,Iran,W,3,1,27,17,25,25,,48,12,5,55,69,97
781,18861,Slovenia,France,W,3,1,25,25,23,25,,47,9,7,48,68,95
782,18861,France,Slovenia,L,1,3,18,22,25,21,,43,7,7,53,76,101
783,18862,Canada,Poland,L,1,3,25,20,23,21,,54,4,5,37,77,97
784,18862,Poland,Canada,W,3,1,18,25,25,25,,58,5,8,50,75,96
785,18863,Türkiye,Netherlands,L,2,3,25,25,18,21,,53,12,10,42,84,105
786,18863,Netherlands,Türkiye,W,3,2,19,20,25,25,5,61,12,8,44,86,112
787,18864,Cuba,Germany,W,3,1,26,25,18,25,,59,13,6,45,83,109
788,18864,Germany,Cuba,L,1,3,24,20,25,23,,57,6,3,57,77,107
789,18865,Japan,Serbia,W,3,0,25,25,25,,,40,9,5,42,46,69
790,18865,Serbia,Japan,L,0,3,20,16,22,,,31,5,3,43,59,67
791,18866,Argentina,Brazil,L,2,3,13,25,25,23,11,65,8,3,85,91,143
792,18866,Brazil,Argentina,W,3,2,25,20,19,25,15,66,7,4,76,76,124
793,18867,Bulgaria,Canada,L,0,3,22,28,24,,,38,5,5,43,62,86
794,18867,Canada,Bulgaria,W,3,0,25,30,26,,,43,9,5,39,61,88
795,18868,France,USA,W,3,0,25,25,25,,,41,7,2,38,51,69
796,18868,USA,France,L,0,3,22,21,21,,,39,3,2,45,56,86
797,18869,Netherlands,Poland,L,0,3,28,23,18,,,37,9,6,31,66,80
798,18869,Poland,Netherlands,W,3,0,30,25,25,,,43,14,7,29,63,75
799,18870,Cuba,Japan,L,2,3,25,22,23,25,20,69,20,5,60,91,134
800,18870,Japan,Cuba,W,3,2,18,25,25,19,22,56,8,6,64,90,145
801,18871,Iran,Italy,L,0,3,19,18,11,,,27,1,3,40,59,72
802,18871,Italy,Iran,W,3,0,25,25,25,,,41,13,6,40,42,69
803,18872,Serbia,Brazil,L,1,3,21,20,25,22,,49,5,4,60,76,95
804,18872,Brazil,Serbia,W,3,1,25,25,22,25,,55,10,5,54,67,98
805,18873,Slovenia,Canada,W,3,2,22,25,25,21,15,66,4,11,71,81,141
806,18873,Canada,Slovenia,L,2,3,25,18,18,25,10,57,14,3,59,95,122
807,18874,Türkiye,France,L,1,3,27,23,16,14,,41,8,5,44,78,92
808,18874,France,Türkiye,W,3,1,25,25,25,25,,51,9,12,46,64,89
809,18875,Bulgaria,USA,W,3,1,25,25,21,25,,56,12,7,58,74,112
810,18875,USA,Bulgaria,L,1,3,21,20,25,21,,52,7,6,62,79,114
811,18876,Japan,Italy,L,1,3,25,16,17,17,,42,3,3,59,76,121
812,18876,Italy,Japan,W,3,1,23,25,25,25,,49,15,6,55,64,101
813,18877,Argentina,Germany,W,3,1,21,25,25,25,,51,18,1,65,68,101
814,18877,Germany,Argentina,L,1,3,25,19,21,21,,56,7,3,65,85,119
815,18878,Cuba,Iran,W,3,1,25,14,25,25,,53,9,7,52,74,109
816,18878,Iran,Cuba,L,1,3,20,25,21,21,,51,4,6,59,73,107
817,18879,Slovenia,Poland,W,3,0,25,25,25,,,46,3,8,40,49,72
818,18879,Poland,Slovenia,L,0,3,20,21,18,,,38,5,2,36,63,76
819,18880,Brazil,Italy,L,2,3,25,15,25,17,13,54,13,1,60,84,112
820,18880,Italy,Brazil,W,3,2,17,25,22,25,15,59,9,9,60,80,115
821,18881,Türkiye,USA,L,1,3,25,22,25,21,,51,8,3,63,74,110
822,18881,USA,Türkiye,W,3,1,20,25,27,25,,50,8,7,60,73,112
823,18882,Bulgaria,Netherlands,L,1,3,16,25,13,20,,39,4,6,43,75,96
824,18882,Netherlands,Bulgaria,W,3,1,25,20,25,25,,44,12,10,36,58,91
825,18883,Serbia,Germany,L,0,3,21,20,20,,,33,8,1,47,60,83
826,18883,Germany,Serbia,W,3,0,25,25,25,,,45,9,5,36,56,94
827,18884,Iran,Argentina,L,2,3,25,29,25,20,13,65,10,4,63,95,124
828,18884,Argentina,Iran,W,3,2,23,31,20,25,15,69,14,3,59,98,136
829,18885,Germany,Brazil,L,0,3,15,16,15,,,36,1,2,32,70,86
830,18885,Brazil,Germany,W,3,0,25,25,25,,,34,10,6,32,32,54
831,18886,Poland,Bulgaria,W,3,1,21,25,25,25,,46,8,7,49,58,94
832,18886,Bulgaria,Poland,L,1,3,25,21,19,18,,51,7,2,40,81,98
833,18887,Iran,Japan,L,0,3,23,22,17,,,40,5,4,36,63,76
834,18887,Japan,Iran,W,3,0,25,25,25,,,50,4,2,41,49,81
835,18888,Argentina,USA,L,0,3,23,21,24,,,41,5,2,37,60,90
836,18888,USA,Argentina,W,3,0,25,25,26,,,46,8,1,43,56,84
837,18889,Canada,Cuba,W,3,1,25,25,25,28,,57,17,4,36,78,101
838,18889,Cuba,Canada,L,1,3,21,27,20,26,,60,6,4,47,84,111
839,18890,Slovenia,Türkiye,W,3,0,25,26,25,,,42,7,6,59,57,98
840,18890,Türkiye,Slovenia,L,0,3,22,24,20,,,36,7,7,51,64,88
841,18891,Germany,Japan,L,2,3,22,25,27,23,,65,5,10,68,94,129
842,18891,Japan,Germany,W,3,2,25,22,25,25,5,71,10,3,74,85,128
843,18892,Serbia,Netherlands,W,3,0,25,25,26,,,35,6,8,32,45,58
844,18892,Netherlands,Serbia,L,0,3,17,20,24,,,35,7,4,29,63,75
845,18893,France,Italy,W,3,2,25,18,25,19,15,54,11,5,60,86,125
846,18893,Italy,France,L,2,3,23,25,23,25,10,63,12,2,57,82,121
847,18894,Iran,Brazil,L,1,3,19,25,16,23,,48,8,3,48,79,101
848,18894,Brazil,Iran,W,3,1,25,22,25,25,,56,6,7,54,65,102
849,18895,Bulgaria,Germany,L,1,3,24,25,16,16,,40,10,6,58,80,106
850,18895,Germany,Bulgaria,W,3,1,26,22,25,25,,55,7,5,66,66,113
851,18896,Poland,Türkiye,W,3,0,25,25,25,,,37,11,6,40,38,66
852,18896,Türkiye,Poland,L,0,3,19,12,19,,,28,7,3,29,68,84
853,18897,Cuba,Netherlands,L,1,3,24,25,20,22,,50,9,1,48,80,98
854,18897,Netherlands,Cuba,W,3,1,26,21,25,25,,55,12,9,45,77,105
855,18898,USA,Italy,L,0,3,23,24,20,,,35,8,3,49,64,94
856,18898,Italy,USA,W,3,0,25,26,25,,,44,5,7,53,60,97
857,18899,Canada,Argentina,L,1,3,18,25,21,20,,53,6,2,46,82,112
858,18899,Argentina,Canada,W,3,1,25,22,25,25,,51,11,5,48,67,110
859,18900,Bulgaria,Iran,W,3,2,20,25,25,20,15,53,19,5,58,92,111
860,18900,Iran,Bulgaria,L,2,3,25,22,23,25,11,42,16,10,66,77,111
861,18901,Brazil,Slovenia,L,2,3,25,25,24,25,12,63,8,5,71,88,133
862,18901,Slovenia,Brazil,W,3,2,27,23,26,21,15,72,7,4,76,93,131
863,18902,Japan,Poland,L,0,3,17,15,20,,,30,3,4,45,64,81
864,18902,Poland,Japan,W,3,0,25,25,25,,,41,14,1,35,46,78
865,18903,Cuba,Italy,L,1,3,21,25,19,13,,45,6,5,45,80,97
866,18903,Italy,Cuba,W,3,1,25,22,25,25,,48,11,6,41,60,86
867,18904,France,Netherlands,W,3,1,25,20,25,25,,51,13,4,47,71,96
868,18904,Netherlands,France,L,1,3,20,25,19,22,,55,5,4,47,81,112
869,18905,USA,Serbia,W,3,1,23,25,25,25,,55,11,4,63,63,104
870,18905,Serbia,USA,L,1,3,25,15,23,14,,52,5,5,59,84,118
871,18906,Türkiye,Iran,W,3,1,22,25,25,27,,53,10,6,48,77,105
872,18906,Iran,Türkiye,L,1,3,25,23,23,25,,59,10,4,54,81,119
873,18907,Poland,Brazil,L,1,3,21,17,25,23,,47,5,3,39,73,90
874,18907,Brazil,Poland,W,3,1,25,25,21,25,,49,13,5,39,63,90
875,18908,Japan,Slovenia,W,3,1,25,19,26,25,,55,6,7,56,78,112
876,18908,Slovenia,Japan,L,1,3,23,25,24,21,,52,13,4,53,79,107
877,18909,Cuba,France,W,3,2,25,20,23,25,15,60,13,6,34,77,98
878,18909,France,Cuba,L,2,3,18,25,25,22,10,64,7,7,36,96,117
879,18910,Canada,USA,W,3,1,25,19,26,28,,56,5,8,64,71,115
880,18910,USA,Canada,L,1,3,16,25,24,26,,49,8,5,56,74,100
881,18911,Serbia,Argentina,L,2,3,26,18,25,25,13,64,13,4,54,91,117
882,18911,Argentina,Serbia,W,3,2,28,25,18,22,15,57,14,8,53,84,115
883,18912,Türkiye,Germany,L,2,3,22,44,23,25,12,65,16,3,67,97,139
884,18912,Germany,Türkiye,W,3,2,25,42,25,19,15,81,7,5,78,104,158
885,18913,Bulgaria,Slovenia,L,0,3,23,14,21,,,33,3,4,32,60,82
886,18913,Slovenia,Bulgaria,W,3,0,25,25,25,,,37,8,6,34,41,69
887,18914,Italy,Netherlands,W,3,0,25,25,25,,,40,9,3,48,41,75
888,18914,Netherlands,Italy,L,0,3,18,15,21,,,36,2,2,49,61,90
889,18915,Argentina,France,L,2,3,19,17,25,28,,60,8,5,56,92,119
890,18915,France,Argentina,W,3,2,25,25,22,26,5,66,9,8,56,80,109
891,18916,Canada,Serbia,L,1,3,25,20,18,23,,54,8,2,45,82,96
892,18916,Serbia,Canada,W,3,1,21,25,25,25,,56,7,11,42,72,103
893,18917,Netherlands,Brazil,L,1,3,26,23,29,20,,55,4,9,52,86,119
894,18917,Brazil,Netherlands,W,3,1,24,25,31,25,,50,12,6,50,71,98
895,18918,Canada,Japan,W,3,2,25,20,25,20,15,61,12,6,46,82,106
896,18918,Japan,Canada,L,2,3,21,25,15,25,10,57,3,8,53,87,122
897,18919,Bulgaria,Türkiye,W,3,1,27,25,12,25,,49,5,7,58,78,119
898,18919,Türkiye,Bulgaria,L,1,3,25,20,25,22,,43,11,3,64,69,100
899,18920,Slovenia,Argentina,W,3,0,25,25,29,,,49,2,3,53,57,98
900,18920,Argentina,Slovenia,L,0,3,23,22,27,,,40,8,1,33,65,85
901,18921,Germany,France,W,3,1,25,25,25,25,,56,3,6,87,75,135
902,18921,France,Germany,L,1,3,23,27,20,23,,55,7,5,68,86,136
903,18922,Iran,USA,W,3,2,26,25,25,26,15,64,9,5,62,86,130
904,18922,USA,Iran,L,2,3,28,23,18,28,13,65,6,5,69,91,137
905,18923,Cuba,Serbia,L,2,3,25,25,16,21,12,52,10,3,39,86,107
906,18923,Serbia,Cuba,W,3,2,22,21,25,25,15,52,6,9,46,74,101
907,18924,Italy,Poland,L,0,3,22,21,22,,,35,2,1,35,52,67
908,18924,Poland,Italy,W,3,0,25,25,25,,,43,8,2,35,50,73
909,18925,Germany,Canada,L,0,3,19,18,21,,,31,3,3,32,58,73
910,18925,Canada,Germany,W,3,0,25,25,25,,,44,8,4,42,48,69
911,18926,Iran,Netherlands,W,3,2,25,22,25,20,15,69,13,2,49,89,117
912,18926,Netherlands,Iran,L,2,3,22,25,21,25,10,59,6,13,46,94,116
913,18927,Brazil,USA,L,2,3,21,25,21,25,,64,5,7,65,87,131
914,18927,USA,Brazil,W,3,2,25,18,25,22,5,56,8,8,53,84,114
915,18928,Türkiye,Argentina,L,0,3,17,18,20,,,29,7,2,38,62,91
916,18928,Argentina,Türkiye,W,3,0,25,25,25,,,39,9,5,46,46,87
917,18929,Bulgaria,Italy,L,0,3,25,20,21,,,34,5,2,32,60,71
918,18929,Italy,Bulgaria,W,3,0,27,25,25,,,37,5,5,35,46,67
919,18930,Cuba,Slovenia,L,2,3,22,25,21,31,,59,13,5,47,94,116
920,18930,Slovenia,Cuba,W,3,2,25,20,25,29,5,61,9,8,54,82,115
921,18931,Iran,France,L,0,3,21,17,20,,,34,5,2,34,61,82
922,18931,France,Iran,W,3,0,25,25,25,,,41,6,4,39,51,79
923,18932,Canada,Brazil,W,3,0,26,25,26,,,46,5,6,34,58,86
924,18932,Brazil,Canada,L,0,3,24,19,24,,,37,1,4,41,56,79
925,18933,Netherlands,Japan,L,0,3,18,19,20,,,32,4,6,30,62,82
926,18933,Japan,Netherlands,W,3,0,25,25,25,,,40,7,6,39,44,72
927,18934,Argentina,Poland,L,0,3,19,18,22,,,36,4,5,33,62,76
928,18934,Poland,Argentina,W,3,0,25,25,25,,,41,6,3,39,47,68
929,18935,Bulgaria,Cuba,L,0,3,18,20,18,,,33,4,3,35,61,69
930,18935,Cuba,Bulgaria,W,3,0,25,25,25,,,50,3,1,37,42,71
931,18936,Türkiye,Serbia,L,1,3,25,19,23,21,,50,4,6,41,75,90
932,18936,Serbia,Türkiye,W,3,1,20,25,25,25,,60,8,11,39,78,97
933,18937,Germany,USA,L,1,3,23,25,24,23,,52,5,8,64,79,119
934,18937,USA,Germany,W,3,1,25,21,26,25,,54,10,5,61,78,120
935,18938,Canada,Netherlands,W,3,2,21,25,28,14,15,55,11,7,65,84,125
936,18938,Netherlands,Canada,L,2,3,25,22,26,25,9,57,14,9,58,86,132
937,18939,France,Japan,L,2,3,25,25,16,23,10,58,12,2,58,86,117
938,18939,Japan,France,W,3,2,17,19,25,25,15,62,5,5,62,82,136
939,18940,Bulgaria,Argentina,L,0,3,22,17,20,,,31,7,3,30,60,68
940,18940,Argentina,Bulgaria,W,3,0,25,25,25,,,39,12,7,34,46,66
941,18941,Serbia,Poland,L,2,3,21,25,18,25,11,53,7,2,53,82,106
942,18941,Poland,Serbia,W,3,2,25,21,25,22,15,63,9,10,43,82,113
943,18942,Slovenia,Italy,W,3,0,25,25,25,,,32,7,8,30,41,62
944,18942,Italy,Slovenia,L,0,3,19,21,19,,,31,4,1,25,59,67
945,18943,Germany,Iran,W,3,0,25,25,25,,,37,5,4,42,52,84
946,18943,Iran,Germany,L,0,3,20,23,20,,,39,8,0,41,63,90
947,18944,France,Brazil,W,3,2,25,27,13,25,18,60,7,9,49,97,129
948,18944,Brazil,France,L,2,3,23,29,25,19,16,51,17,3,55,81,116
949,18945,Japan,USA,W,3,0,25,25,25,,,41,3,12,56,56,95
950,18945,USA,Japan,L,0,3,20,23,19,,,31,10,3,50,59,84
951,18946,Cuba,Poland,L,0,3,17,20,20,,,31,3,4,28,54,70
952,18946,Poland,Cuba,W,3,0,25,25,25,,,41,8,3,32,42,66
953,18947,Türkiye,Italy,L,1,3,21,26,19,21,,49,6,9,52,82,101
954,18947,Italy,Türkiye,W,3,1,25,24,25,25,,61,7,10,56,76,110
955,18948,Serbia,Slovenia,L,2,3,13,27,14,25,12,58,8,3,46,96,106
956,18948,Slovenia,Serbia,W,3,2,25,25,25,22,15,55,10,16,52,69,101
957,18949,Japan,Canada,W,3,0,26,25,26,,,42,7,7,47,55,84
958,18949,Canada,Japan,L,0,3,24,18,24,,,39,8,5,41,66,87
959,18950,Poland,Brazil,W,3,1,18,25,25,25,,50,8,7,50,70,97
960,18950,Brazil,Poland,L,1,3,25,23,22,16,,48,8,7,46,73,92
961,18951,Italy,France,L,2,3,25,20,25,22,11,69,5,3,71,89,132
962,18951,France,Italy,W,3,2,19,25,22,25,15,64,13,4,72,84,131
963,18952,Slovenia,Argentina,W,3,2,19,25,17,29,15,66,8,4,66,84,128
964,18952,Argentina,Slovenia,L,2,3,25,17,25,27,7,58,13,6,56,90,121
965,18953,Poland,France,L,2,3,25,22,23,25,16,52,14,3,58,79,106
966,18953,France,Poland,W,3,2,22,25,25,20,18,66,10,5,55,86,123
967,18954,Slovenia,Japan,L,0,3,21,25,29,,,43,7,6,47,69,95
968,18954,Japan,Slovenia,W,3,0,25,27,31,,,48,4,6,56,60,95
969,18955,Slovenia,Poland,L,0,3,24,16,17,,,34,4,4,42,64,85
970,18955,Poland,Slovenia,W,3,0,26,25,25,,,33,15,8,34,50,74
971,18956,Japan,France,L,1,3,23,25,23,23,,58,5,2,53,72,115
972,18956,France,Japan,W,3,1,25,18,25,25,,55,11,2,52,81,101
973,21437,Poland,Netherlands,W,3,1,25,22,25,25,,57,6,6,72,74,120
974,21437,Netherlands,Poland,L,1,3,22,25,22,22,,54,11,2,81,79,126
975,21438,China,Japan,L,0,3,23,14,22,,,38,5,1,38,63,79
976,21438,Japan,China,W,3,0,25,25,25,,,42,3,6,45,48,79
977,21439,Serbia,Türkiye,W,3,1,12,25,25,25,,54,10,1,69,79,113
978,21439,Türkiye,Serbia,L,1,3,25,22,23,23,,44,8,9,66,63,104
979,21440,Bulgaria,Italy,L,1,3,16,25,19,19,,43,6,6,64,77,109
980,21440,Italy,Bulgaria,W,3,1,25,22,25,25,,54,11,6,64,61,101
981,21441,Ukraine,USA,W,3,0,25,25,25,,,40,6,5,41,52,79
982,21441,USA,Ukraine,L,0,3,22,20,23,,,33,8,3,45,58,77
983,21442,Argentina,France,W,3,1,25,13,25,25,,41,8,2,57,62,101
984,21442,France,Argentina,L,1,3,22,25,22,19,,46,6,4,57,69,103
985,21443,Brazil,Iran,W,3,0,25,25,25,,,37,10,3,38,39,62
986,21443,Iran,Brazil,L,0,3,19,16,18,,,32,5,1,32,64,76
987,21444,Germany,Canada,L,2,3,25,19,25,23,11,58,8,3,65,90,123
988,21444,Canada,Germany,W,3,2,23,25,21,25,15,49,14,8,66,75,115
989,21445,Slovenia,Cuba,W,3,1,25,21,25,25,,51,12,5,63,66,99
990,21445,Cuba,Slovenia,L,1,3,22,25,18,15,,44,12,3,49,80,93
991,21446,China,Serbia,W,3,0,25,25,25,,,38,13,3,51,55,89
992,21446,Serbia,China,L,0,3,23,23,20,,,39,11,1,41,62,88
993,21447,Poland,Japan,W,3,1,27,25,18,39,,66,14,0,66,91,125
994,21447,Japan,Poland,L,1,3,25,22,25,37,,67,3,6,82,81,132
995,21448,Germany,Italy,L,2,3,25,25,19,23,11,58,7,7,75,83,130
996,21448,Italy,Germany,W,3,2,21,20,25,25,15,58,14,2,79,81,127
997,21449,Brazil,Cuba,L,2,3,25,24,25,25,13,60,10,7,69,85,122
998,21449,Cuba,Brazil,W,3,2,27,26,21,20,15,68,10,3,62,95,123
999,21450,Argentina,Canada,W,3,2,25,21,14,25,15,59,6,10,89,87,136
1000,21450,Canada,Argentina,L,2,3,22,25,25,22,8,58,9,4,75,77,115
1001,21451,USA,Iran,W,3,2,19,21,25,25,17,58,14,4,44,87,108
1002,21451,Iran,USA,L,2,3,25,25,21,23,15,56,5,9,66,80,117
1003,21452,Japan,Serbia,W,3,0,25,25,26,,,41,7,6,35,51,73
1004,21452,Serbia,Japan,L,0,3,20,23,24,,,41,10,1,30,63,68
1005,21453,Netherlands,Türkiye,W,3,1,21,25,25,25,,56,12,4,70,76,111
1006,21453,Türkiye,Netherlands,L,1,3,25,23,22,23,,59,11,2,72,76,117
1007,21454,Bulgaria,Argentina,W,3,0,25,25,28,,,40,6,5,46,47,73
1008,21454,Argentina,Bulgaria,L,0,3,21,20,26,,,33,5,4,35,59,71
1009,21455,Ukraine,Cuba,W,3,2,25,20,25,17,15,51,17,5,62,89,118
1010,21455,Cuba,Ukraine,L,2,3,22,25,20,25,12,50,11,8,60,80,112
1011,21456,France,Italy,W,3,1,25,25,19,26,,53,10,7,49,75,102
1012,21456,Italy,France,L,1,3,18,22,25,24,,51,7,6,52,80,101
1013,21457,Iran,Slovenia,L,2,3,25,23,18,25,12,48,12,9,69,77,114
1014,21457,Slovenia,Iran,W,3,2,17,25,25,18,15,53,10,9,64,86,119
1015,21458,China,Netherlands,W,3,1,25,25,13,25,,47,6,7,58,61,93
1016,21458,Netherlands,China,L,1,3,19,20,25,17,,55,4,2,51,77,104
1017,21459,Türkiye,Poland,L,0,3,26,23,21,,,41,5,2,42,63,77
1018,21459,Poland,Türkiye,W,3,0,28,25,25,,,35,5,5,43,50,76
1019,21460,Ukraine,Brazil,L,2,3,25,25,22,23,10,64,11,9,71,88,119
1020,21460,Brazil,Ukraine,W,3,2,19,14,25,25,15,62,3,5,86,86,128
1021,21461,USA,Slovenia,L,1,3,22,25,25,23,,54,13,3,87,84,133
1022,21461,Slovenia,USA,W,3,1,25,27,20,25,,54,4,8,78,77,127
1023,21462,Canada,France,L,2,3,22,27,29,25,,67,4,5,69,98,128
1024,21462,France,Canada,W,3,2,25,29,27,21,5,72,8,2,76,83,124
1025,21463,Bulgaria,Germany,W,3,2,25,22,25,23,15,61,14,3,74,77,110
1026,21463,Germany,Bulgaria,L,2,3,22,25,19,25,12,53,5,7,74,79,112
1027,21464,Netherlands,Japan,L,0,3,18,23,18,,,37,9,0,36,63,79
1028,21464,Japan,Netherlands,W,3,0,25,25,25,,,42,6,3,42,47,76
1029,21465,China,Türkiye,L,0,3,22,21,20,,,37,4,1,57,58,90
1030,21465,Türkiye,China,W,3,0,25,25,25,,,39,9,6,51,50,82
1031,21466,Poland,Serbia,W,3,0,25,25,25,,,43,8,3,43,52,80
1032,21466,Serbia,Poland,L,0,3,21,20,23,,,37,3,4,46,61,83
1033,21467,Brazil,Slovenia,W,3,0,25,29,25,,,49,7,5,45,54,87
1034,21467,Slovenia,Brazil,L,0,3,19,27,19,,,45,3,1,39,67,81
1035,21468,Argentina,Italy,L,1,3,23,25,35,21,,60,11,3,83,83,131
1036,21468,Italy,Argentina,W,3,1,25,17,37,25,,57,13,2,66,82,121
1037,21469,Ukraine,Iran,L,2,3,30,20,25,21,,62,14,6,50,99,129
1038,21469,Iran,Ukraine,W,3,2,28,25,22,25,5,66,8,6,64,83,120
1039,21470,Germany,France,W,3,1,23,25,29,29,,53,14,2,78,74,135
1040,21470,France,Germany,L,1,3,25,19,27,27,,54,14,2,76,87,143
1041,21471,Cuba,USA,L,1,3,22,18,25,23,,48,13,4,56,78,106
1042,21471,USA,Cuba,W,3,1,25,25,18,25,,47,11,7,62,72,106
1043,21472,Bulgaria,Canada,L,0,3,24,23,19,,,41,6,5,45,65,89
1044,21472,Canada,Bulgaria,W,3,0,26,25,25,,,35,11,6,43,50,69
1045,21473,Ukraine,France,L,0,3,23,21,17,,,36,7,2,50,63,80
1046,21473,France,Ukraine,W,3,0,25,25,25,,,43,9,9,50,54,84
1047,21474,Germany,Cuba,L,1,3,25,18,22,21,,49,10,2,61,79,114
1048,21474,Cuba,Germany,W,3,1,19,25,25,25,,51,8,7,68,68,112
1049,21475,Türkiye,Slovenia,L,0,3,16,22,18,,,32,6,2,59,60,92
1050,21475,Slovenia,Türkiye,W,3,0,25,25,25,,,40,5,5,53,44,82
1051,21476,Netherlands,Argentina,L,0,3,20,14,22,,,34,4,3,39,63,82
1052,21476,Argentina,Netherlands,W,3,0,25,25,25,,,41,9,4,50,44,69
1053,21477,Bulgaria,Japan,W,3,0,27,25,25,,,42,9,7,37,53,76
1054,21477,Japan,Bulgaria,L,0,3,25,23,19,,,37,6,3,43,60,82
1055,21478,Italy,Poland,W,3,2,25,23,21,25,15,63,17,9,79,87,142
1056,21478,Poland,Italy,L,2,3,17,25,25,20,11,63,10,4,83,95,145
1057,21479,Serbia,Iran,L,1,3,21,19,25,23,,47,15,4,32,80,92
1058,21479,Iran,Serbia,W,3,1,25,25,23,25,,56,11,9,51,75,111
1059,21480,Canada,Brazil,L,0,3,22,17,17,,,36,2,1,33,60,71
1060,21480,Brazil,Canada,W,3,0,25,25,25,,,35,10,4,40,38,58
1061,21481,China,USA,L,2,3,22,25,25,16,11,52,16,3,86,88,135
1062,21481,USA,China,W,3,2,25,21,19,25,15,65,12,3,82,87,134
1063,21482,France,Japan,L,2,3,22,25,25,20,11,67,11,2,74,89,123
1064,21482,Japan,France,W,3,2,25,19,22,25,15,59,3,9,95,76,131
1065,21483,Netherlands,Germany,L,1,3,26,22,21,24,,49,9,8,76,84,125
1066,21483,Germany,Netherlands,W,3,1,24,25,25,26,,52,12,4,74,76,116
1067,21484,Türkiye,Ukraine,L,0,3,11,22,21,,,36,6,0,47,64,80
1068,21484,Ukraine,Türkiye,W,3,0,25,25,25,,,42,10,3,41,47,75
1069,21485,Serbia,Cuba,L,1,3,25,22,16,16,,43,4,3,61,77,111
1070,21485,Cuba,Serbia,W,3,1,22,25,25,25,,45,18,10,55,68,104
1071,21486,Brazil,China,W,3,0,25,25,25,,,48,8,6,54,55,81
1072,21486,China,Brazil,L,0,3,22,16,23,,,39,3,2,67,64,92
1073,21487,Canada,USA,L,0,3,23,22,28,,,41,7,2,49,61,83
1074,21487,USA,Canada,W,3,0,25,25,30,,,41,3,6,63,56,86
1075,21488,Ukraine,Japan,W,3,2,24,25,25,22,15,58,12,8,73,77,114
1076,21488,Japan,Ukraine,L,2,3,26,17,18,25,13,57,5,4,91,87,136
1077,21489,Argentina,Iran,L,1,3,21,25,22,22,,50,9,4,49,77,100
1078,21489,Iran,Argentina,W,3,1,25,22,25,25,,51,9,7,50,68,97
1079,21490,Bulgaria,Slovenia,W,3,1,18,25,25,25,,41,11,7,49,70,98
1080,21490,Slovenia,Bulgaria,L,1,3,25,23,21,22,,47,8,6,65,70,112
1081,21491,Netherlands,Cuba,L,1,3,25,18,21,28,,57,6,2,62,81,120
1082,21491,Cuba,Netherlands,W,3,1,21,25,25,30,,64,13,3,51,80,112
1083,21492,China,Italy,L,0,3,18,15,19,,,32,3,0,51,64,81
1084,21492,Italy,China,W,3,0,25,25,25,,,42,8,8,43,45,73
1085,21493,Canada,Poland,L,2,3,32,25,17,23,13,57,8,11,88,91,131
1086,21493,Poland,Canada,W,3,2,30,14,25,25,15,60,12,6,94,86,131
1087,21494,Slovenia,France,L,0,3,23,27,23,,,37,7,3,63,61,93
1088,21494,France,Slovenia,W,3,0,25,29,25,,,42,10,7,56,58,96
1089,21495,Germany,Iran,W,3,1,25,23,26,25,,57,3,6,55,75,104
1090,21495,Iran,Germany,L,1,3,22,25,24,22,,60,9,1,46,79,108
1091,21496,Bulgaria,Türkiye,L,0,3,20,20,21,,,35,9,1,40,63,79
1092,21496,Türkiye,Bulgaria,W,3,0,25,25,25,,,36,5,9,49,48,76
1093,21497,Serbia,Argentina,L,1,3,25,18,23,12,,38,9,3,58,75,94
1094,21497,Argentina,Serbia,W,3,1,18,25,25,25,,54,9,7,59,64,107
1095,21498,Brazil,Italy,W,3,2,25,21,33,17,15,69,8,7,99,102,142
1096,21498,Italy,Brazil,L,2,3,22,25,31,25,13,67,6,9,104,90,143
1097,21499,USA,Poland,L,0,3,20,21,22,,,36,6,7,45,63,75
1098,21499,Poland,USA,W,3,0,25,25,25,,,40,7,5,48,52,71
1099,21500,Slovenia,Japan,L,0,3,25,15,16,,,33,7,3,55,64,94
1100,21500,Japan,Slovenia,W,3,0,27,25,25,,,48,4,6,55,49,87
1101,21501,Iran,Netherlands,W,3,2,25,22,21,25,15,62,7,4,77,74,116
1102,21501,Netherlands,Iran,L,2,3,19,25,25,19,9,57,13,4,74,95,131
1103,21502,Türkiye,France,L,0,3,20,18,19,,,26,6,2,38,59,84
1104,21502,France,Türkiye,W,3,0,25,25,25,,,40,6,8,44,47,81
1105,21503,Cuba,Argentina,L,2,3,25,23,21,25,11,59,8,7,58,85,117
1106,21503,Argentina,Cuba,W,3,2,23,25,25,21,15,62,9,5,62,82,122
1107,21504,Bulgaria,Ukraine,L,1,3,25,19,24,22,,50,10,5,51,79,111
1108,21504,Ukraine,Bulgaria,W,3,1,20,25,26,25,,58,11,5,75,76,124
1109,21505,China,Canada,L,0,3,23,20,23,,,34,4,5,37,63,77
1110,21505,Canada,China,W,3,0,25,25,25,,,44,7,9,52,62,87
1111,21506,Germany,Serbia,W,3,1,25,25,23,25,,61,7,6,55,70,98
1112,21506,Serbia,Germany,L,1,3,20,21,25,17,,49,6,5,50,82,103
1113,21507,Brazil,Poland,W,3,1,25,25,21,28,,65,8,3,92,77,135
1114,21507,Poland,Brazil,L,1,3,21,21,25,26,,49,14,3,88,83,119
1115,21508,USA,Italy,L,0,3,21,22,18,,,40,2,1,38,59,72
1116,21508,Italy,USA,W,3,0,25,25,25,,,38,6,8,41,45,73
1117,21509,USA,Japan,L,0,3,21,19,23,,,38,4,2,34,60,77
1118,21509,Japan,USA,W,3,0,25,25,25,,,44,4,4,52,49,85
1119,21510,Argentina,Brazil,L,1,3,21,23,26,18,,51,8,3,55,82,116
1120,21510,Brazil,Argentina,W,3,1,25,25,24,25,,57,8,4,66,69,115
1121,21511,Türkiye,USA,L,0,3,24,21,27,,,40,5,1,54,58,89
1122,21511,USA,Türkiye,W,3,0,26,25,29,,,45,5,5,56,55,89
1123,21512,Germany,Japan,L,1,3,25,20,23,20,,60,5,2,50,80,108
1124,21512,Japan,Germany,W,3,1,21,25,25,25,,72,3,4,70,81,118
1125,21513,China,France,L,1,3,25,22,23,17,,43,5,3,60,72,106
1126,21513,France,China,W,3,1,22,25,25,25,,62,3,6,59,75,112
1127,21514,Ukraine,Netherlands,W,3,2,25,20,20,26,15,60,6,5,65,87,116
1128,21514,Netherlands,Ukraine,L,2,3,21,25,25,24,13,65,8,8,70,88,126
1129,21515,Bulgaria,Cuba,L,2,3,25,16,25,25,13,53,11,6,60,85,117
1130,21515,Cuba,Bulgaria,W,3,2,23,25,23,27,15,64,19,4,64,89,123
1131,21516,Serbia,Italy,L,0,3,15,14,16,,,28,2,0,45,61,69
1132,21516,Italy,Serbia,W,3,0,25,25,25,,,40,12,9,29,36,56
1133,21517,Iran,Poland,L,2,3,19,25,18,25,,52,10,5,71,89,127
1134,21517,Poland,Iran,W,3,2,25,23,25,21,5,61,7,12,76,76,125
1135,21518,Canada,Slovenia,L,1,3,25,21,19,21,,44,10,4,83,75,122
1136,21518,Slovenia,Canada,W,3,1,21,25,25,25,,51,6,6,75,65,110
1137,21519,Türkiye,Germany,W,3,1,29,25,18,30,,62,8,8,52,87,111
1138,21519,Germany,Türkiye,L,1,3,27,22,25,28,,66,7,5,69,86,107
1139,21520,Argentina,Japan,L,2,3,25,25,21,23,13,59,16,1,58,93,123
1140,21520,Japan,Argentina,W,3,2,23,23,25,25,15,65,6,3,80,78,126
1141,21521,China,Iran,L,0,3,26,21,17,,,30,7,5,42,67,83
1142,21521,Iran,China,W,3,0,28,25,25,,,40,8,7,42,51,75
1143,21522,Ukraine,Italy,L,2,3,15,20,25,25,10,56,9,6,70,90,126
1144,21522,Italy,Ukraine,W,3,2,25,25,16,23,15,50,11,5,76,76,116
1145,21523,Cuba,Poland,W,3,1,22,25,25,26,,55,10,8,58,68,103
1146,21523,Poland,Cuba,L,1,3,25,19,21,24,,43,6,4,50,72,92
1147,21524,Netherlands,Slovenia,L,0,3,18,19,21,,,30,5,5,60,62,88
1148,21524,Slovenia,Netherlands,W,3,0,25,25,25,,,41,4,3,61,43,75
1149,21525,Argentina,USA,L,1,3,23,25,20,23,,59,8,3,78,82,126
1150,21525,USA,Argentina,W,3,1,25,20,25,25,,55,6,6,72,72,117
1151,21526,Brazil,Japan,W,3,0,25,25,28,,,40,11,1,45,53,83
1152,21526,Japan,Brazil,L,0,3,21,23,26,,,42,4,3,46,65,96
1153,21527,Cuba,France,L,2,3,25,15,25,21,,46,10,7,59,85,99
1154,21527,France,Cuba,W,3,2,20,25,23,25,5,61,7,11,61,75,116
1155,21528,Ukraine,Serbia,L,0,3,22,19,17,,,39,7,1,48,69,97
1156,21528,Serbia,Ukraine,W,3,0,25,25,25,,,40,15,3,55,49,89
1157,21529,China,Bulgaria,L,0,3,23,16,24,,,37,5,4,51,64,94
1158,21529,Bulgaria,China,W,3,0,25,25,26,,,41,9,6,55,54,87
1159,21530,Netherlands,Canada,L,0,3,22,20,15,,,35,1,0,54,57,79
1160,21530,Canada,Netherlands,W,3,0,25,25,25,,,43,5,2,54,42,69
1161,21531,Türkiye,Brazil,L,1,3,22,24,25,22,,48,8,8,68,78,118
1162,21531,Brazil,Türkiye,W,3,1,25,26,22,25,,58,6,10,83,79,126
1163,21532,Germany,USA,W,3,2,25,22,17,25,15,56,9,8,79,77,130
1164,21532,USA,Germany,L,2,3,22,25,25,15,12,53,8,3,86,77,128
1165,21533,Serbia,Canada,W,3,1,15,25,25,25,,53,4,4,62,67,104
1166,21533,Canada,Serbia,L,1,3,25,22,18,22,,50,8,3,51,71,98
1167,21534,Bulgaria,Poland,W,3,2,17,25,25,27,15,59,10,8,52,86,116
1168,21534,Poland,Bulgaria,L,2,3,25,22,23,29,11,59,10,3,44,86,108
1169,21535,Iran,France,L,0,3,24,16,24,,,37,4,4,41,60,78
1170,21535,France,Iran,W,3,0,26,25,26,,,48,7,6,53,54,85
1171,21536,Slovenia,Italy,L,0,3,22,20,23,,,34,4,3,66,57,90
1172,21536,Italy,Slovenia,W,3,0,25,25,25,,,35,10,7,52,52,81
1173,21537,Türkiye,Argentina,L,2,3,25,21,19,25,15,58,11,7,84,81,131
1174,21537,Argentina,Türkiye,W,3,2,18,25,25,17,17,59,7,8,95,90,134
1175,21538,Germany,Brazil,L,1,3,25,23,20,21,,55,6,1,69,77,113
1176,21538,Brazil,Germany,W,3,1,21,25,25,25,,51,8,8,64,69,107
1177,21539,Ukraine,Canada,L,1,3,21,27,29,21,,61,6,4,60,82,110
1178,21539,Canada,Ukraine,W,3,1,25,25,31,25,,64,9,6,71,79,115
1179,21540,China,Cuba,W,3,2,20,25,15,25,19,51,10,6,70,85,123
1180,21540,Cuba,China,L,2,3,25,23,25,22,17,69,11,3,64,84,115
1181,21541,Netherlands,Italy,L,0,3,13,22,19,,,29,6,2,40,59,76
1182,21541,Italy,Netherlands,W,3,0,25,25,25,,,39,8,4,42,38,67
1183,21542,Bulgaria,Iran,L,0,3,17,17,16,,,30,2,1,37,62,73
1184,21542,Iran,Bulgaria,W,3,0,25,25,25,,,40,10,8,41,40,68
1185,21543,France,Poland,L,2,3,30,25,20,25,12,64,5,11,61,92,122
1186,21543,Poland,France,W,3,2,32,20,25,23,15,58,13,6,56,85,116
1187,21544,Serbia,Slovenia,L,2,3,21,25,25,18,15,63,7,6,101,97,150
1188,21544,Slovenia,Serbia,W,3,2,25,23,23,25,17,65,10,4,106,79,140
1189,21545,Brazil,China,W,3,1,29,25,25,25,,54,8,6,66,70,112
1190,21545,China,Brazil,L,1,3,31,19,16,21,,45,11,4,71,88,125
1191,21546,Japan,Poland,L,0,3,23,24,12,,,36,3,4,48,62,93
1192,21546,Poland,Japan,W,3,0,25,26,25,,,34,14,4,38,43,60
1193,21547,Italy,Cuba,W,3,1,25,25,20,25,,42,9,7,65,64,100
1194,21547,Cuba,Italy,L,1,3,18,19,25,21,,55,6,3,54,82,115
1195,21548,France,Slovenia,L,1,3,22,25,19,18,,56,4,7,58,76,107
1196,21548,Slovenia,France,W,3,1,25,15,25,25,,38,9,2,60,58,75
1197,21549,Brazil,Poland,L,0,3,26,19,21,,,32,7,6,29,63,70
1198,21549,Poland,Brazil,W,3,0,28,25,25,,,41,6,7,34,56,70
1199,21550,Italy,Slovenia,W,3,1,25,22,25,25,,62,10,9,57,79,112
1200,21550,Slovenia,Italy,L,1,3,22,25,21,18,,52,9,2,64,79,106
1201,21551,Brazil,Slovenia,W,3,1,23,25,25,25,,48,11,5,60,68,110
1202,21551,Slovenia,Brazil,L,1,3,25,20,23,19,,49,7,2,68,80,122
1203,21552,Poland,Italy,W,3,0,25,25,25,,,37,10,3,55,43,80
1204,21552,Italy,Poland,L,0,3,22,19,14,,,27,6,4,46,62,81
